キッコー	キ	ッ	コ
ヘルシークラブ	ヘ	ル	シ	ク	ラ	ブ
09women	09women
1001夜	1001	夜
100%Pure	100	pure
11am	11am
15MINS/15分钟	15mins	15	分钟
1912	1912
1960	1960
1ROA	1roa
1段奶粉	1	段	奶粉
20'S	20s
22XX	22xx
24mg	24mg
2VEE	2vee
2段奶粉	2	段	奶粉
365mc	365mc
3CEstylenanda	3cestylenanda
3C配件	3c	配件
3guys	3guys
3zu足装秀	3zu	足装秀
3段奶粉	3	段	奶粉
4段奶粉	4	段	奶粉
7000年	7000	年
7080seventyeighty	7080seventyeighty
7talks	7talks
8th pink	8th	pink
90SUP	90sup
999王妃	999	王妃
AAnna	aanna
abaparis	abaparis
abba	abba
Abbott	abbott
ABC卫生巾	abc	卫生巾
ABC童鞋	abc	童鞋
abeeco	abeeco
ablelyn	ablelyn
ABSOLUTE	absolute
Abura	abura
Academie	academie
Academy	academy
ACASTA	acasta
A.C.CARE	a	c	care
Accessory	accessory
accine	accine
ACHOUR	achour
Acneorg	acneorg
ACNIQUE	acnique
ACQUA	acqua
Acres	acres
Actifirm	actifirm
Active	active
Addiction	addiction
ADDICTION	addiction
Addictives	addictives
Adhesive	adhesive
Adidas	adidas
Aemiria	aemiria
AESOP	aesop
affiner	affiner
AFFLICTION	affliction
AFIRM	afirm
AFU阿芙	afu	阿芙
AGARU	agaru
AGATHA	agatha
A‘Gensn	a	gensn
Agora	agora
Agosdane	agosdane
Agsdon	agsdon
ahalo	ahalo
AHUJASONS	ahujasons
Aiberia	aiberia
Aigner	aigner
AimeeAimee	aimeeaimee
AimeeTesing	aimeetesing
AimeeTesingBrands	aimeetesingbrands
AimeeTestBrand	aimeetestbrand
Aina	aina
Aing	aing
Ainhoa	ainhoa
AIRCHARMING	aircharming
airmimius	airmimius
AIVIL	aivil
AIXLIVE	aixlive
Ajigen	ajigen
AKITA	akita
AKUMA	akuma
Alano	alano
Alba	alba
ALBA	alba
Albion	albion
ALBION	albion
Alcafe	alcafe
Alchemy	alchemy
Alessandro	alessandro
Aleva	aleva
Aleva竹宝宝	aleva	竹	宝宝
Alexander	alexander
Alexandra	alexandra
Alexandra MacQueen	alexandra	macqueen
Alexis	alexis
ALFAPARF	alfaparf
alfredog	alfredog
algemarin	algemarin
Alice	alice
Alicedudu	alicedudu
ALICE&JACKY	alice	jacky
ALIENWARE	alienware
alima	alima
ALLERDERM	allerderm
ALLURE	allure
ALMAY	almay
Aloe	aloe
AloeCure	aloecure
ALOVIVI	alovivi
Alpen	alpen
Alpha	alpha
Alpha_Hydrox	alpha	hydrox
ALQVIMIA	alqvimia
Alterna	alterna
Alternative	alternative
Alterra	alterra
alverde	alverde
Always	always
Alyssa	alyssa
AMANOYA	amanoya
AMAZING	amazing
Ameiales	ameiales
American	american
AMERIGEL	amerigel
Amini	amini
AminoGenesis	aminogenesis
AmoreMaterno/爱慕玛蒂诺	amorematerno	爱慕	玛	蒂	诺
AMOVO	amovo
&amp;	amp
Ampai`s	ampai	s
Anata	anata
ANDALOU	andalou
Andrea	andrea
Andrew	andrew
ANESSA	anessa
Angel	angel
ANGEL	angel
AngelLooka	angellooka
Ango	ango
Anius	anius
Anna	anna
ANNA	anna
annabella	annabella
ANNABELLE	annabelle
ANNE	anne
Anosa	anosa
anpuliaoamni	anpuliaoamni
Answer	answer
Antec	antec
Anthelios	anthelios
ANTICAN	antican
Antonia's	antonias
Antonio	antonio
AOFULI	aofuli
aole	aole
APAGARD	apagard
Aphogee	aphogee
Aphrodite	aphrodite
APHRO'S	aphros
A'pieu	apieu
Apparel	apparel
Appartement	appartement
Apple	apple
Aptamil	aptamil
Aqua	aqua
AQUA	aqua
Aquafresh	aquafresh
AQUAGENA	aquagena
Aquair	aquair
AquaLABEL	aqualabel
Aquanoa	aquanoa
AQUOLINA	aquolina
ARANTON	aranton
ARAU	arau
Arbro	arbro
Archipelago	archipelago
ARC'TERYX	arcteryx
Arden	arden
ARGAN	argan
ARGANITY	arganity
Aria	aria
Ariel	ariel
ARITAUM	aritaum
Arjoe	arjoe
Armand	armand
Armani	armani
Armour	armour
ARMY	army
Aroiz	aroiz
Aromaleigh	aromaleigh
Aromanice	aromanice
Aromas	aromas
Aromatherapy	aromatherapy
Arouge	arouge
AROUND	around
Arpels	arpels
Arrival	arrival
ARTDECO	artdeco
Artmi	artmi
artsdon	artsdon
Asahi	asahi
Ascorderm	ascorderm
ASHCROFT	ashcroft
Ashley	ashley
Asics	asics
ASOBIO	asobio
ASOS	asos
Asphalt	asphalt
ASSN	assn
Astara	astara
ASTIGU	astigu
ASTOR	astor
ASTY	asty
asunaro	asunaro
ASUS	asus
atestoni	atestoni
atlanticbeach	atlanticbeach
ATORREGE	atorrege
attrangs	attrangs
AUBREY	aubrey
Auby	auby
Aucoin	aucoin
Augelute	augelute
AUPRES	aupres
Aura	aura
Auriderm	auriderm
Aussie	aussie
Australia	australia
AUSTRALIAN	australian
AUSTTBABY	austtbaby
AUSWEAR SHOES	auswear	shoes
autumn	autumn
Avail	avail
AVALON	avalon
Avance	avance
Aveeno	aveeno
Avene	avene
AVENIR	avenir
Avenue	avenue
Avia	avia
AVON	avon
AVRIL MONG	avril	mong
AVVN	avvn
Axelle	axelle
AYURA	ayura
AYURBIO	ayurbio
AYURU	ayuru
Azria	azria
Azrielant	azrielant
b+ab	b	ab
baby	baby
Baby	baby
BABY	baby
babybbz	babybbz
Babybol	babybol
Babybubbles	babybubbles
babycoccole	babycoccole
BABYFACE	babyface
BabyGanics	babyganics
babygreat	babygreat
babykingdom	babykingdom
babymoov	babymoov
Baby's	babys
babysing	babysing
BABYSULISI	babysulisi
bacano	bacano
Back	back
Badescu	badescu
badger	badger
Badgley	badgley
bailianying	bailianying
BAILIBERRY	bailiberry
Bain	bain
Baiyite	baiyite
Baker	baker
Balance柏莉诗	balance	柏莉诗
BALENCIAGA	balenciaga
ballasox	ballasox
BALLOP	ballop
bally	bally
balm	balm
Balm	balm
BALM	balm
BALMBALM	balmbalm
Balo	balo
Bambix	bambix
Bambo	bambo
Bamboo	bamboo
Bamford	bamford
banana	banana
Banana	banana
BANDAI	bandai
Banderas	banderas
BANG	bang
banila	banila
Bank	bank
Banz	banz
Baosilong	baosilong
BAOZI	baozi
Bare	bare
BARE	bare
Barilla	barilla
BARONESS	baroness
Barty	barty
BASE	base
Basi	basi
BASICS	basics
BASIL	basil
Basq	basq
BASTO/百思图	basto	百思	图
Bata/拔佳	bata	拔	佳
Bath	bath
BATH	bath
Bath & Body Works	bath	body	works
Batiste	batiste
Baume	baume
baviphat	baviphat
BAY HOUSE	bay	house
BBed	bbed
BBPED	bbped
BCBG	bcbg
BCBGeneration	bcbgeneration
bcbgirls	bcbgirls
BCBG Max Azria	bcbg	max	azria
BCBGMAXAZRIA	bcbgmaxazria
Beach	beach
BEAQAR	beaqar
Bearpaw	bearpaw
BEARTWO	beartwo
BEASHOW	beashow
Beatrix	beatrix
Beaute	beaute
BEAUTÉ de Coco	beaut	de	coco
Beautiful	beautiful
beauty	beauty
Beauty	beauty
BEAUTY	beauty
BeautyBar	beautybar
Beautylabo	beautylabo
BeautyMed	beautymed
Bebe	bebe
BEBE	bebe
Be_Beauty	be	beauty
BEBETO	bebeto
Bebivita	bebivita
BECCA	becca
Beckham	beckham
BeDook	bedook
BEELY	beely
BEER	beer
Beermmay/百魅	beermmay	百魅
BeFine	befine
Begin	begin
Begonia	begonia
BEHAR	behar
Beiens	beiens
BEJALY	bejaly
Bejirog	bejirog
BEKA	beka
BELL	bell
Bellamys	bellamys
belle	belle
BELLE	belle
Belli	belli
BeneBene	benebene
Benefit	benefit
Benetton	benetton
BenQ	benq
Beren	beren
BERLA	berla
Bernard	bernard
bernson	bernson
Berrisom	berrisom
Berry	berry
BERYL	beryl
Besame	besame
Best	best
bestjane	bestjane
BETOUCH	betouch
Betsey	betsey
Betsey Johnson	betsey	johnson
Bettina	bettina
beyerdynamic	beyerdynamic
Bigen	bigen
Bijoux	bijoux
Bilibaya	bilibaya
Billie	billie
Billion	billion
Billy	billy
BINDWOOD	bindwood
Bingerui	bingerui
BINNIB	binnib
Biochalk	biochalk
BIOCOS	biocos
Bioderma	bioderma
Biodermis	biodermis
Bio-E	bio	e
BIOFLASH	bioflash
BioGlan	bioglan
BIOHAUS	biohaus
Bioil	bioil
Bionaire	bionaire
BIONSEN	bionsen
Biore	biore
Biorista	biorista
BioSafe	biosafe
Biotherm	biotherm
bioxil	bioxil
Birkenstock	birkenstock
Birth	birth
BISON	bison
Bisse	bisse
BiuBiu	biubiu
BLABLA	blabla
Black	black
BLACK	black
BLACKLEMON黑柠檬	blacklemon	黑	柠檬
Blackmores	blackmores
BLACKYAK	blackyak
blanc	blanc
Blanc	blanc
Blanche	blanche
Blanx	blanx
Blaster	blaster
blcakmores	blcakmores
blemish	blemish
blinc	blinc
Blistex	blistex
bliv	bliv
Bloc	bloc
bloch	bloch
BLOKS	bloks
Bloom	bloom
Blooms	blooms
BLOSSOM	blossom
BLUE	blue
BLUME	blume
blush	blush
Boat	boat
Bobbi	bobbi
Bobbies	bobbies
BOBBLE	bobble
Bobbles	bobbles
BOBDOG	bobdog
BOB-HOME	bob	home
BOBO	bobo
BOCOLESS	bocoless
Body	body
BODY	body
Bodytouch	bodytouch
BOHM	bohm
BOITE	boite
Boldly	boldly
BOMB	bomb
Bonnchi	bonnchi
BONNE	bonne
BONZCA	bonzca
books	books
Boon	boon
Boots	boots
Boqian	boqian
BORBA	borba
Borghese	borghese
born	born
BOSIBIO	bosibio
Bosibona	bosibona
BOSOMI	bosomi
Boss	boss
Bossdun	bossdun
Boston's	bostons
Botani	botani
BOTANIC	botanic
Botanica	botanica
BOTANIST	botanist
Botkier	botkier
Bottega	bottega
BOTTEGA	bottega
Bottega Veneta	bottega	veneta
Bounty	bounty
BOURBON	bourbon
Bourjois	bourjois
BOVINA	bovina
bowbow	bowbow
BoyLondon	boylondon
brace	brace
Bragg	bragg
Brainstrong	brainstrong
Bramwells	bramwells
Bran	bran
Brand	brand
Brandt	brandt
BRAU	brau
Braun	braun
Brave	brave
bread	bread
Bread	bread
Breath	breath
BRHAS	brhas
Bright	bright
BRIGITTE	brigitte
Brilliant	brilliant
BRIO	brio
BRITA	brita
Britney	britney
britto	britto
BROCATO	brocato
Brooks	brooks
brove	brove
Brown	brown
BROWN	brown
Brows	brows
Brush	brush
Brut	brut
BSWAN	bswan
btemptd	btemptd
Btoys	btoys
B:TREAT	b	treat
Bubble	bubble
Buddies	buddies
Buddy's	buddys
buggy	buggy
Bugslock	bugslock
Bullock	bullock
BULOVA	bulova
Bumble	bumble
Burato	burato
Burberry	burberry
Burlon	burlon
burt's	burts
butter	butter
Butterfly	butterfly
Bvlgari	bvlgari
by-health	by	health
Byphasse	byphasse
BYTREE'S	bytrees
b+美发诊所	b	美发	诊所
Cabbeen	cabbeen
Cacharel	cacharel
Cacia	cacia
Cafe	cafe
Caffe	caffe
CAKE	cake
Calendar	calendar
Calibio	calibio
California	california
CALITTE	calitte
Calorie	calorie
Calphalon	calphalon
Calpis	calpis
Calu	calu
Calvin	calvin
CALVIN	calvin
Calvin Klein	calvin	klein
Camay	camay
CAMERUCCI	camerucci
camuto	camuto
CANAAN	canaan
CANDINO	candino
Candy	candy
CANMAKE	canmake
canmart	canmart
Canon	canon
Cantaloop	cantaloop
CanThink	canthink
cantorp	cantorp
Canyon	canyon
Caolion	caolion
Cara	cara
CARAMANCE	caramance
CARAT	carat
care	care
Care	care
CARE	care
Careline	careline
CarePlus	careplus
Carlo Pignatelli	carlo	pignatelli
Carlos	carlos
Carmex	carmex
Carole	carole
Carolina	carolina
Carolyn	carolyn
Carrera	carrera
Carslan	carslan
Carter's	carters
Cartier	cartier
Caruso's	carusos
carvela	carvela
CARVEN	carven
caseti	caseti
cashmere	cashmere
CASIO	casio
Castle	castle
Catena	catena
Cathy	cathy
Catrin	catrin
Caudalie	caudalie
cavalli	cavalli
Cavalrywolf	cavalrywolf
CClavin	cclavin
CCNY	ccny
CECILIA BILANCI	cecilia	bilanci
celazome	celazome
Celine	celine
CELL	cell
CelluliteRx	celluliterx
Center	center
CENTURY	century
CEPEE	cepee
CeraVe	cerave
CERAZOR	cerazor
Cerruti	cerruti
CEST UNE BEAUTE	cest	une	beaute
Cetaphil	cetaphil
CEUTICALS	ceuticals
CEZANNE	cezanne
CE本草	ce	本草
CF药妆	cf	药妆
CHACOTT	chacott
CHA:LAB	cha	lab
CHANDO	chando
Chanel	chanel
Changes	changes
channel	channel
CHANSON	chanson
Chantal	chantal
CHANTE	chante
Chantecaille	chantecaille
Chantelle	chantelle
Chaplet	chaplet
Charles	charles
CHARLES	charles
Charlotte	charlotte
charming	charming
Charming	charming
CHARMZONE	charmzone
CHATON	chaton
chau	chau
CHAVILLE	chaville
CHBABY	chbaby
Cheap	cheap
cheapnchic	cheapnchic
CheCheNY1	checheny1
Cheerios	cheerios
ChenS	chens
Cherie	cherie
Cherish	cherish
cherry	cherry
cherry chau	cherry	chau
CherryGoGo	cherrygogo
cherrykoko	cherrykoko
Chetti	chetti
chewbeads	chewbeads
CHEZ	chez
Chiara	chiara
CHICCA	chicca
Chicco	chicco
chicfox	chicfox
Chichera	chichera
CHIFURE	chifure
ChildLife	childlife
China	china
China Glaze	china	glaze
Chinfie	chinfie
chloe	chloe
Choaprd	choaprd
chocolat	chocolat
Chocolate	chocolate
chocoolate	chocoolate
CHOI	choi
Choice	choice
CHOICE	choice
CHOISKYCN	choiskycn
CHOO	choo
Christian	christian
Christie	christie
Chrysalis	chrysalis
CHUCUI	chucui
CHUEL	chuel
Chunhan	chunhan
CHUNIAN	chunian
Chuu	chuu
ciciibear	ciciibear
cici-shop	cici	shop
CIFOR	cifor
Cinci	cinci
CINDERELLA'S	cinderellas
CINDYSOONG	cindysoong
Cineora	cineora
ciracle	ciracle
Circle	circle
CIRCLE	circle
Circo	circo
CITIZEN	citizen
City	city
CJ_LION	cj	lion
CKLIXIMEN	ckliximen
CK Underwear	ck	underwear
CLAC	clac
CLAIR	clair
claire	claire
Claire	claire
Claridge	claridge
Clarins	clarins
Clarisonic	clarisonic
Clarks	clarks
Clasified/Soda	clasified	soda
Claude	claude
Clean	clean
CLEAN	clean
CLEAR	clear
Clearance	clearance
Clearasil	clearasil
Clearlab	clearlab
cleef	cleef
CLEEf	cleef
CLENSURE	clensure
clerc	clerc
CLIC	clic
clicknfunny	clicknfunny
Clinica	clinica
Clinique	clinique
Clinomyn	clinomyn
CLIO	clio
CLMILLA	clmilla
Clnique	clnique
CLOIE	cloie
Clothing	clothing
cloud9	cloud9
club	club
Club	club
CLUB	club
CMYK	cmyk
COACH	coach
coast	coast
Coastal	coastal
coast to coast	coast	to	coast
COBigelow	cobigelow
COBOR	cobor
COCKTAIL	cocktail
CoCo	coco
COCO	coco
COCO FEEL	coco	feel
cocomiss	cocomiss
Cocopalm	cocopalm
code	code
Code	code
code9	code9
CO_E	co	e
Coenzyme	coenzyme
coffee	coffee
Coffeebee	coffeebee
coise	coise
Cokit	cokit
Cole	cole
ColeHaan	colehaan
COLES	coles
coleshome	coleshome
Colgate	colgate
COLLAGEN	collagen
collection	collection
COLLECTION	collection
collective	collective
Collective	collective
Collezioni	collezioni
Colline	colline
color	color
Color	color
colorbucket	colorbucket
COLORS	colors
Columbia	columbia
Commerce-gate	commerce	gate
Common	common
como	como
Como	como
Compeed	compeed
COMPLEX BIZ	complex	biz
Comvita	comvita
Concepts	concepts
CONCORD	concord
Confume	confume
coni	coni
Conie	conie
Connection	connection
Connexion	connexion
CONNY	conny
CONTROFIGURA	controfigura
Control	control
Converse	converse
CONVERSE	converse
cool	cool
Coola	coola
cooper	cooper
CooperVision	coopervision
Copeland	copeland
Coppertone	coppertone
Coreana	coreana
Corinna	corinna
Corn	corn
Corporation	corporation
Corsair	corsair
corso	corso
cort	cort
Coryse	coryse
cosme	cosme
@cosme	cosme
Cosme	cosme
COSME	cosme
Cosmed	cosmed
Cosmedebeaute	cosmedebeaute
COSMEDIX	cosmedix
cosmeics	cosmeics
Cosmenist	cosmenist
COSMETEX	cosmetex
Cosmetic	cosmetic
Cosmetics	cosmetics
COSMETICS	cosmetics
cosmolady	cosmolady
COSMOPOLITAN	cosmopolitan
COSMOS	cosmos
Cospharm	cospharm
Costa	costa
Costume National	costume	national
COTE	cote
COTTERANG	cotterang
cotton	cotton
Cotton	cotton
Cottonbebe	cottonbebe
coup	coup
Coup	coup
Courreges	courreges
Couture	couture
Covers	covers
Cowala	cowala
Cowshed	cowshed
CP-1	cp	1
CrabSecret	crabsecret
Crabtree	crabtree
Crayola	crayola
Creative	creative
CreBeau	crebeau
Credo	credo
CreerBeaute	creerbeaute
Crest	crest
CRETONNE	cretonne
Crisan	crisan
crocs	crocs
Crucial	crucial
CRUMPLER	crumpler
CRYSTAL	crystal
Crystaluxe	crystaluxe
C-time	c	time
CUCKOO	cuckoo
cucu pot	cucu	pot
Cuisipro	cuisipro
C-UK	c	uk
CULTZ	cultz
cumnier	cumnier
Cuore	cuore
cupidsjoke	cupidsjoke
curbblan	curbblan
Curel	curel
CUSHION	cushion
Cyber	cyber
CYBER	cyber
CYCLAX	cyclax
CYINER	cyiner
CYNOS	cynos
cynthia	cynthia
CYPREOS	cypreos
Cyuto	cyuto
DaBao	dabao
Daesang	daesang
Dagger	dagger
DAIKHO	daikho
DAIKIN	daikin
dailymonday	dailymonday
daishuzaizai	daishuzaizai
Daiso	daiso
Daisymee	daisymee
Dalgar	dalgar
dalla	dalla
Dalla	dalla
Damascus	damascus
Damtuh	damtuh
DANDYINNE	dandyinne
D'ANESSE	danesse
Daniel	daniel
D'ANIELLO	daniello
Danner	danner
Danny	danny
DANTE	dante
Dantrol	dantrol
D'Arcy	darcy
Dare	dare
DARIYA	dariya
Darkvictory	darkvictory
DARLIE	darlie
Darphin	darphin
Dashine	dashine
DASHU	dashu
DASODA	dasoda
D'Aveze	daveze
David	david
Davidoff	davidoff
dayn	dayn
DayShow	dayshow
DAZZLING	dazzling
DBCooper	dbcooper
DC-Life	dc	life
DCSHOECOUSA	dcshoecousa
ddaddadda	ddaddadda
DDaviDoff	ddavidoff
Ddrops	ddrops
DEADSEA	deadsea
Dear	dear
dearberry	dearberry
Dearkiss	dearkiss
Deary	deary
Deau	deau
DEBON	debon
DECACER	decacer
DECATHLON	decathlon
DECKER	decker
Decleor	decleor
deeday	deeday
Deer	deer
DEERMA	deerma
DEJAVU	dejavu
DEJAVU Fiberwig	dejavu	fiberwig
DEKREI	dekrei
Deli	deli
Delight18	delight18
Dell	dell
DELLA	della
Dellacqua	dellacqua
Delonghi	delonghi
delsey	delsey
de-luxe	de	luxe
Deluxe	deluxe
Delvina	delvina
DEMETER	demeter
Denim	denim
Denivit	denivit
dENiZEN	denizen
Dental	dental
Dent-Inn	dent	inn
Dentyl	dentyl
DEONATULLE	deonatulle
Derlzum	derlzum
Derma	derma
DERMA	derma
DERMAdoctor	dermadoctor
DERMAL	dermal
DERMALOGY	dermalogy
DermaQuest	dermaquest
DermaSilk	dermasilk
DERMASTORY	dermastory
Dermatix	dermatix
Desert	desert
design	design
Design	design
DESIGN	design
Desitin	desitin
DESLEEP	desleep
Destrees	destrees
Details	details
Devil天使与恶魔	devil	天使	与	恶魔
DEVON	devon
Devondale	devondale
DEWINS	dewins
DewyTree	dewytree
dezirefree	dezirefree
Diadermine	diadermine
DIAFORCE	diaforce
Diakeli	diakeli
Diana	diana
Diane	diane
diane von furstenberg	diane	von	furstenberg
diary	diary
DIARY	diary
D-ID	d	id
DIDI	didi
Didot	didot
diego	diego
DIESEL	diesel
digue	digue
Dimples	dimples
dint	dint
Dion	dion
Dior	dior
DIOR	dior
Dior眼镜	dior	眼镜
Dipper	dipper
diptyque	diptyque
DivaDerme	divaderme
DIY玩具	diy	玩具
DKCHENPIN	dkchenpin
DKNY	dkny
DL1961	dl1961
d'lux	dlux
DNUTS	dnuts
DOCKERS	dockers
Doctor	doctor
Doctorcos	doctorcos
dodo	dodo
DODOOK	dodook
dodry	dodry
DOGEARED	dogeared
Dokkan	dokkan
Dolaime	dolaime
Dolan	dolan
Dolce	dolce
Dolce_Gabbana	dolce	gabbana
Doll	doll
Dollar	dollar
Dolly	dolly
donan	donan
donessy	donessy
DONG	dong
Donga	donga
DONG-E	dong	e
Dongkook	dongkook
Dongkuk	dongkuk
Donlim	donlim
DONNA	donna
Doodle	doodle
DOODOO	doodoo
Doomagic	doomagic
DOPPELHERZ双心	doppelherz	双	心
D'OR	dor
DoraDoSun	doradosun
DOSHA	dosha
dotacoko	dotacoko
DOUBLE	double
Dove	dove
Dr100	dr100
DrALKAITIS	dralkaitis
DrAlthea	dralthea
Dramatic	dramatic
DRAMMAQ	drammaq
Drbrowns	drbrowns
DrCi:Labo	drci	labo
Drclikc	drclikc
Dream	dream
DREMEL	dremel
Dremz	dremz
DrFukuoka	drfukuoka
DRGREEN	drgreen
Drive	drive
Dr_Jart+	dr	jart
DrJart+	drjart
DRJOU	drjou
DR.JOU	dr	jou
DrLewin’s	drlewin	s
DR-LINE	dr	line
DrMartens	drmartens
DRMELAVAX	drmelavax
DrMiz	drmiz
DrMJ	drmj
Dr.MJ	dr	mj
DrMyers	drmyers
DrN+LAB	drn	lab
Dr.Oasis	dr	oasis
Drops	drops
DrPIERRE	drpierre
DrSCHELLER	drscheller
DrScholl	drscholl
DrSha	drsha
DRSLIM	drslim
DrSMILE	drsmile
DrVITA	drvita
DR.WU	dr	wu
Dryoung	dryoung
DSquared2	dsquared2
DSXN	dsxn
DTESEL	dtesel
DTQUEEN	dtqueen
Duchess	duchess
duck	duck
Duck	duck
DU'IT	duit
Duke	duke
Dumex	dumex
dunhill	dunhill
Dunhill	dunhill
duplair	duplair
Dupont	dupont
DUPONT	dupont
durex	durex
Duschdas	duschdas
Duwop	duwop
D'vita	dvita
dyson	dyson
DZOKHOLA	dzokhola
DZRZVD	dzrzvd
D二次方	d	二次方
EAORON耀妆	eaoron	耀妆
earth	earth
Earth	earth
EARTH	earth
Earthbound	earthbound
Earth_Mama_Angel_Baby	earth	mama	angel	baby
Earth's	earths
Earthwise	earthwise
EASTIDE	eastide
EASTPAK	eastpak
EAUDEME	eaudeme
EAZZ	eazz
EBOHR	ebohr
eco-more	eco	more
ECONECO	econeco
ECOVACS	ecovacs
EDC ESPRIT	edc	esprit
EDHANDY	edhandy
EDIFIER	edifier
Edison	edison
Edition_NUMERO	edition	numero
EDWARD	edward
Edwardina	edwardina
EDWIN	edwin
EEssencial	eessencial
EGOU	egou
EGUCHI	eguchi
Egyptian	egyptian
Egyptian_Magic	egyptian	magic
Eicoh	eicoh
Eight	eight
E-JIAO	e	jiao
Elastine	elastine
Electrolux	electrolux
Elegant	elegant
ELENSILIA	elensilia
Eleven	eleven
elfenlied	elfenlied
elis	elis
Elisabetta Franchi	elisabetta	franchi
Elite	elite
Elixir	elixir
Elizabeth	elizabeth
Ella	ella
Ella'sKitchen	ellaskitchen
Elle	elle
ELLE	elle
ElleGirl	ellegirl
ELLE HOMME	elle	homme
Elle手表	elle	手表
Ellgy	ellgy
Elodie	elodie
ELSSME	elssme
Emanuel	emanuel
EmerginC	emerginc
EMINENCE	eminence
EMMA1997	emma1997
EMMY	emmy
enaier	enaier
endotinn	endotinn
eneloop	eneloop
ENGLAND	england
ENHOT	enhot
ENIN	enin
Enon	enon
ENSSU	enssu
Entre	entre
Envylook	envylook
Enzo	enzo
enzyme	enzyme
Enzyme	enzyme
EPONGES	eponges
Epson	epson
Equal	equal
eranzi	eranzi
ERBORIAN	erborian
Ericson	ericson
Eruca	eruca
Escada	escada
ESCADA	escada
ESCENTUALS	escentuals
ESFOLIO	esfolio
Esmedic	esmedic
espadrij	espadrij
esprincess	esprincess
Esprincess	esprincess
Esprit	esprit
Essence	essence
Estee	estee
Esthe	esthe
Esthe Dew	esthe	dew
ESTHETIC	esthetic
Etam	etam
Etnies	etnies
EtudeHouse	etudehouse
Eucerin	eucerin
Eulactol	eulactol
EUNI	euni
Europharm	europharm
Evelyn	evelyn
EVEN	even
ever	ever
Ever	ever
EVER	ever
Evian	evian
EVIZA	eviza
evona	evona
Excellula	excellula
exTe	exte
Eyecandy	eyecandy
Eyeko	eyeko
Eyelid	eyelid
eylure	eylure
EZ14	ez14
F1811	f1811
face	face
Face	face
FACE	face
FACE CLEAR FOAM	face	clear	foam
FACEQ	faceq
Factor	factor
Factory	factory
FACTORY	factory
Faith	faith
Family	family
FANCL	fancl
FANCY CHIC	fancy	chic
FANCY ONLINE	fancy	online
Fantana	fantana
FANTASIA	fantasia
Farcent	farcent
farm	farm
Farm	farm
FARM	farm
farmer's	farmers
FarmHouse	farmhouse
fascy	fascy
Fashion	fashion
fashy	fashy
Fast	fast
Fatblaster	fatblaster
FatBlastter	fatblastter
Fatih	fatih
favorites	favorites
FAVOUREAT	favoureat
Feel	feel
FEEL	feel
Femfresh	femfresh
fengrong	fengrong
FENTENGCARE	fentengcare
feroglobin	feroglobin
Ferragamo	ferragamo
Ferragni	ferragni
Ferrari	ferrari
Ferrero	ferrero
FESTINA	festina
FETCH	fetch
FEXATA	fexata
FFendi	ffendi
FGF-1	fgf	1
F&G梵谷	f	g	梵谷
Fiberwig	fiberwig
Fidodido	fidodido
Figs	figs
fiinal	fiinal
Filles	filles
Filorga	filorga
fingercroxx	fingercroxx
Fiona's	fionas
Fior	fior
FIORI	fiori
FIRS	firs
FIRST	first
FIRSTMIX	firstmix
Fisher	fisher
Fissler	fissler
Fitflop	fitflop
FITTY	fitty
FIVE PIUS	five	pius
FLAMBOYANT	flamboyant
FLANK	flank
FLAT	flat
FLAVOR	flavor
Fleur't	fleurt
FLORIAL	florial
Florian	florian
Florihana	florihana
FLORIHANA	florihana
flow	flow
Flower	flower
Flowers	flowers
Flow-fushi	flow	fushi
FLREONS	flreons
Fluxus	fluxus
Flyco	flyco
flying	flying
FOAM	foam
Foley	foley
Foltene	foltene
Foods	foods
Foot	foot
Foot-Medi	foot	medi
footpure	footpure
Footwear	footwear
Foramen	foramen
FOR_BELOVED_ONE	for	beloved	one
forencos	forencos
Forlife	forlife
formula	formula
Formula	formula
FORMULA	formula
Formulas	formulas
Fortune	fortune
fossflakes	fossflakes
Fossil	fossil
Fotopro	fotopro
Foudre	foudre
FRAIS	frais
FRANCE	france
FRANCISKAY	franciskay
Franck	franck
Frank	frank
Freds	freds
free	free
Free	free
FREE	free
FREEERA	freeera
Freeman	freeman
freeplus	freeplus
freeset	freeset
French	french
FRER	frer
fresh	fresh
Fresh	fresh
FREZYDERM	frezyderm
FRIEDA	frieda
FRIENDS	friends
Friso	friso
FROMMAZZ	frommazz
Fruit	fruit
FRUIT	fruit
FRYE	frye
FS/NY	fs	ny
fuanna	fuanna
FUANNA	fuanna
Fueki	fueki
fujifilm	fujifilm
FUJITA	fujita
FUKAMI	fukami
Fundango	fundango
FURFUR	furfur
FURLA	furla
FURTERER	furterer
FURUTA	furuta
fushi	fushi
FUSION	fusion
FUTA	futa
futurebiotics	futurebiotics
FUTURO	futuro
fuyindi	fuyindi
Fyrinnae	fyrinnae
G100	g100
G2000	g2000
Gabbana	gabbana
Gaenso	gaenso
Gaga	gaga
GaGa	gaga
GAGA℃时尚度	gaga	时尚	度
GagouTagou	gagoutagou
GAIA	gaia
Galanz	galanz
Galatine	galatine
GALLIA	gallia
galliano	galliano
GALS	gals
Game	game
Gamophen	gamophen
Ganen	ganen
Ganics	ganics
GANT	gant
GARACTORRE	garactorre
garden	garden
Garden	garden
gargle	gargle
GARMIN	garmin
Garnier	garnier
gate	gate
gates	gates
Gatsby	gatsby
GATSBY	gatsby
Gaultier	gaultier
Gear	gear
GEBANG	gebang
Gedi	gedi
geiger	geiger
Geller	geller
GEMSPA	gemspa
General	general
Genetic	genetic
Genial	genial
GENKI	genki
GENSEN	gensen
GEOGRAPHIC	geographic
George	george
GEOX	geox
Gerber	gerber
GERBER	gerber
german	german
getter	getter
GEWEI	gewei
GGatineau	ggatineau
Gian inter cos	gian	inter	cos
Gift	gift
GIGABYTE	gigabyte
Gillette	gillette
Gillivo	gillivo
Gines	gines
GINZA	ginza
GIRAFE	girafe
girl	girl
Girl's	girls
give	give
Give	give
Givenchy	givenchy
GLAMGLOW	glamglow
Glamourflage	glamourflage
GlassesCOVE	glassescove
Glaze	glaze
GLM女装	glm	女装
Glory	glory
GLOSS	gloss
GlyMed	glymed
GLYSOMED	glysomed
gNpearl	gnpearl
Goat	goat
Goats	goats
gogosoul	gogosoul
Gold	gold
Golden	golden
GOLDEN	golden
GoldenVale	goldenvale
Goldrooster	goldrooster
Good	good
GOOD	good
Goodal	goodal
GOODE	goode
goodmorningnuts	goodmorningnuts
Goods	goods
GoodSkin	goodskin
GoodSkin Labs	goodskin	labs
GOON	goon
Goose	goose
GoPro	gopro
Gorgeous	gorgeous
gorjana	gorjana
GOSH	gosh
gozo	gozo
Grafea	grafea
Grandma‘s	grandma	s
Granje	granje
GRAPHICO	graphico
green	green
Green	green
GREEN	green
Greendays	greendays
greenlifebio	greenlifebio
Green Sprouts	green	sprouts
Gren's	grens
Grohe	grohe
Grooming	grooming
Ground	ground
Grow	grow
gryson	gryson
GSKILL	gskill
G-STAR	g	star
Gucci	gucci
GUCCI	gucci
GUCCI眼镜	gucci	眼镜
Guerisson	guerisson
Guerlain	guerlain
Guli	guli
Gulsha	gulsha
gululu	gululu
Gumption	gumption
GUND	gund
GURIKO	guriko
Guy/Top	guy	top
gxgjeans	gxgjeans
GYMCOLLEGE	gymcollege
Gypsophila	gypsophila
Haan	haan
HABA	haba
HACCI	hacci
Hada	hada
HADA	hada
HADA RiKi	hada	riki
Hadaururu	hadaururu
Haggar	haggar
Hahonico	hahonico
Haier	haier
HaimTovim	haimtovim
hair	hair
Hamilton	hamilton
HAMILTON	hamilton
HAMMER	hammer
HANAJIRUSHI	hanajirushi
HANARO	hanaro
Handsan	handsan
Hanhoo	hanhoo
HANIX	hanix
Hansen	hansen
HANSKIN	hanskin
HANYUL	hanyul
haolaixi	haolaixi
haoliyou	haoliyou
haoshi	haoshi
hape	hape
happbra	happbra
HAPPBRA	happbra
Happy	happy
HAPPY	happy
HappyBaby	happybaby
HAPPYFONT	happyfont
HARAJUKU	harajuku
HARAYAMA	harayama
Hard	hard
Hardy	hardy
harel	harel
Harlow	harlow
Harman/Kardon	harman	kardon
Harriet	harriet
harris	harris
HARUHADA	haruhada
Hasbro	hasbro
hasee	hasee
HASKI	haski
Hata矿泉	hata	矿泉
hauswirt	hauswirt
haute	haute
Havaianas	havaianas
havianoo	havianoo
Hawaiian	hawaiian
Hawk	hawk
HBS1	hbs1
Head	head
HEAD	head
healing	healing
health	health
Health	health
healthcare	healthcare
Healtheries	healtheries
healthy	healthy
Healthy	healthy
HEEBOO	heeboo
HEELAA	heelaa
Heely's	heelys
Heim	heim
heinz	heinz
Helena	helena
HELENERE爱莲丽	helenere	爱莲	丽
Hello	hello
Hello Kitty	hello	kitty
hellomika米卡	hellomika	米卡
hellosweety	hellosweety
Helloyoonsoo	helloyoonsoo
HELOSAN	helosan
HELPER	helper
HERA	hera
herbacin	herbacin
herbacin德国小甘菊	herbacin	德国	小甘菊
Herbal	herbal
HERBALIFE	herbalife
Herbatint	herbatint
herbelle	herbelle
herbery	herbery
HERBORIST	herborist
HERB-TALE	herb	tale
HERCYNA	hercyna
Hermes	hermes
hero	hero
Herome	herome
Herrera	herrera
Herschel	herschel
Herzog	herzog
Heuer	heuer
Hewett	hewett
Heynature	heynature
HHugo	hhugo
Hidden	hidden
High	high
HiLARiS	hilaris
Hilfiger	hilfiger
HILL	hill
Hilton	hilton
HIPANDA	hipanda
Hipitch	hipitch
Hi-power	hi	power
Hipp	hipp
hippie	hippie
Hippo	hippo
Hiruscar	hiruscar
history	history
HISUI	hisui
Hochman	hochman
Hoegaarden	hoegaarden
Hogan	hogan
HOHO	hoho
HOJO	hojo
Hoka	hoka
HOKKA	hokka
HOLiC	holic
holika	holika
Holika	holika
holliday	holliday
HOLSTER	holster
Homa	homa
Home	home
Homestar	homestar
Homix	homix
Honda	honda
Honey	honey
Honeycat	honeycat
HONGO	hongo
Honora	honora
HOOK	hook
Hoover	hoover
HOOY	hooy
Horien	horien
House	house
HOUSE	house
HOWL	howl
hsiby/呼西贝	hsiby	呼	西	贝
HUAWU	huawu
Hudson	hudson
Huggies	huggies
HUGO_BOSS	hugo	boss
Hunter	hunter
Hurom	hurom
Hush	hush
Hyalin	hyalin
Hydra	hydra
Hydro	hydro
Hydrodol	hydrodol
Hydrox	hydrox
HYUNDAI	hyundai
HzDoc	hzdoc
iamyuri	iamyuri
ICCMUS	iccmus
Iceberg	iceberg
ICEBERG	iceberg
Ice-Watch	ice	watch
ichebella	ichebella
ICYWHITE	icywhite
I-DOU	i	dou
IDREAMY	idreamy
iFiona	ifiona
IIIbeca	iiibeca
Iijin	iijin
IIngrid	iingrid
IJOY	ijoy
ILDONG	ildong
iLEFT	ileft
Ilhwa	ilhwa
ILLAMASQUA	illamasqua
ILLI	illi
IloveMask	ilovemask
ILYANG	ilyang
IMAGE	image
IMEDEEN	imedeen
Imvely	imvely
i+m有机护肤	i	m	有机	护肤
Inborn	inborn
INCOCO	incoco
Indefinie	indefinie
inhabit	inhabit
inin	inin
INMAN	inman
Inmix	inmix
INNET/茵奈儿	innet	茵	奈儿
innisfree	innisfree
innobaby	innobaby
insh	insh
INSTORY	instory
INTEGRATE	integrate
interflora	interflora
Intimates	intimates
INTOUCH	intouch
inujirushi	inujirushi
INVERSO	inverso
IOPE	iope
IPAD保护套	ipad	保护套
iphone配件	iphone	配件
IPOCARE	ipocare
Ippngirls	ippngirls
ipsa	ipsa
irish	irish
ISDG	isdg
ISEHAN	isehan
ISHIZAWA	ishizawa
Island	island
Isomarine	isomarine
ISSEY	issey
IsseyMiyake	isseymiyake
Istrilene	istrilene
Istyle	istyle
Italina	italina
Itoh	itoh
ITOU	itou
itoweekend	itoweekend
It's	its
IT'S	its
it's skin	its	skin
itty-bitty	itty	bitty
IUGGIRL	iuggirl
Ivanka	ivanka
ivenet	ivenet
IVIIN	iviin
ivory	ivory
IZOD	izod
IZUMIYA	izumiya
izzue	izzue
Jabra	jabra
JACK	jack
Jacki	jacki
JACOB	jacob
Jacobs	jacobs
Jade	jade
JadillaJ	jadillaj
Jaguar	jaguar
JAMIESON	jamieson
JANE	jane
Janod	janod
Jansport	jansport
Janue	janue
Japan	japan
JAPAN	japan
JAPONESQUE	japonesque
JARDIN	jardin
Jarrow	jarrow
Jason	jason
jasonwood	jasonwood
JAVECE	javece
Jawbone	jawbone
jawinliving	jawinliving
JAYJUN	jayjun
JA大分食品	ja	大	分	食品
JBRAND	jbrand
JCOOL	jcool
Jcrew	jcrew
JDel	jdel
J.DEL	j	del
Jealousy	jealousy
Jean	jean
Jeanne	jeanne
Jean-Paul	jean	paul
jeans	jeans
Jeans	jeans
Jecy's	jecys
Jeemin	jeemin
JEEP	jeep
jeep小童	jeep	小童
Jelly	jelly
JELLY	jelly
Jemma	jemma
Jennifer_Lopez	jennifer	lopez
jessamy	jessamy
Jessica	jessica
Jessicurl	jessicurl
JESSIE	jessie
Jestina	jestina
Jeunesse	jeunesse
Jewelcounty	jewelcounty
jewelry	jewelry
Jewelrycom	jewelrycom
JFRONTIER	jfrontier
jieting	jieting
JILL	jill
JIMMY	jimmy
JINGER	jinger
JINIHOMME	jinihomme
jinsaier1979	jinsaier1979
jinxitang	jinxitang
JIQIANLI	jiqianli
jissbon	jissbon
JIYE	jiye
JJean	jjean
J.Lo	j	lo
JMANNY	jmanny
joamom	joamom
Joe's	joes
John	john
JOHN	john
Johnson	johnson
JOICO	joico
Joie	joie
JOIE	joie
Joie de Vivre	joie	de	vivre
JoiueVarry	joiuevarry
JOJO	jojo
JoJoMamanBebe	jojomamanbebe
Jones	jones
jony	jony
Jordana	jordana
Joseph	joseph
Josie	josie
Jouvance	jouvance
Joyoung	joyoung
JOYPNN	joypnn
JRS　CORPORATION	jrs	corporation
Jtnaturals	jtnaturals
Juara	juara
Judith	judith
Juice	juice
Juicy	juicy
JUICY	juicy
JUJU	juju
Julie	julie
JUMEX	jumex
Junai	junai
Juncosmetic	juncosmetic
Jungyoonki_Special	jungyoonki	special
junijuli	junijuli
JUNJOY	junjoy
Junyaku	junyaku
Just	just
JUST	just
justbb	justbb
just bb	just	bb
JUSTBB	justbb
Just cavalli	just	cavalli
JUSTIVME	justivme
Just kiss	just	kiss
JUSTMODE	justmode
justone	justone
kabana	kabana
KABAYA	kabaya
Kafellon	kafellon
Kaito	kaito
KAKIHARA	kakihara
KAKUDAI	kakudai
Kalisetin	kalisetin
KAMIANGER	kamianger
Kamill	kamill
Kanchogirl	kanchogirl
Kanebo	kanebo
Kanoch	kanoch
KANRO	kanro
KanS	kans
KAORU	kaoru
kappa	kappa
KARAN	karan
Karen	karen
Karicare	karicare
Karin	karin
KASHI	kashi
Kasugai	kasugai
kate	kate
Kate	kate
KATE	kate
kate&Co	kate	co
KATE SPADE	kate	spade
KATE WILLIAM	kate	william
Katie	katie
Kawaii	kawaii
Kealabo	kealabo
KEANACY	keanacy
KEDDO	keddo
Keds	keds
KEEN	keen
keisei	keisei
Keith	keith
KEITH	keith
Kela	kela
Kelloggs	kelloggs
Kellogg's	kelloggs
KELON	kelon
Kelp	kelp
Kelsi	kelsi
Kempen	kempen
KEMUEL	kemuel
kendra	kendra
Kenneth	kenneth
Kenneth Cole	kenneth	cole
Kenzo	kenzo
Kerala	kerala
Kerastase	kerastase
KERASTASE	kerastase
Kerasys	kerasys
KEROMASK	keromask
Kerstin	kerstin
kevia	kevia
Kevyn	kevyn
Kidd	kidd
Kiddy	kiddy
kids	kids
Kids	kids
KIDS	kids
KIDSMILE	kidsmile
Kiehl’s	kiehl	s
kikko	kikko
KIKOT	kikot
Kiladoll	kiladoll
Kill	kill
KIMBERLY	kimberly
KIMNORI	kimnori
KINCHO	kincho
KING	king
KingCamp	kingcamp
Kingdom	kingdom
Kings	kings
KINJYO	kinjyo
KINTO	kinto
Kipling	kipling
kirame	kirame
Kirara	kirara
KIRIBAI	kiribai
Kirindo	kirindo
kiss	kiss
Kiss	kiss
KISS	kiss
kisskitty	kisskitty
KISSYOU	kissyou
KIT2	kit2
KITAMI	kitami
Kitchen	kitchen
Kitty	kitty
KITTY	kitty
KIWI	kiwi
KIWY	kiwy
kiyomizu	kiyomizu
KJSTYLE	kjstyle
KKJMA	kkjma
kksugar	kksugar
Klein	klein
KLEIN	klein
Klorane	klorane
Kneipp	kneipp
Knight	knight
Knight & Princess	knight	princess
KNORR	knorr
Know	know
kobayashi小林	kobayashi	小林
KOBE	kobe
kocostar	kocostar
Koelln	koelln
Kokubo	kokubo
Kong_style	kong	style
KONKA	konka
KOREA	korea
Korean	korean
korisi	korisi
Korner	korner
KORNTEEN	kornteen
KORRES	korres
Kors	kors
Kose	kose
KOSMEA	kosmea
KOSO	koso
koutouzis	koutouzis
kowell	kowell
K-Palette	k	palette
Kracie	kracie
Kranz	kranz
krazy	krazy
KRYOLAN	kryolan
Kuailijie	kuailijie
KUHN	kuhn
KUMANO	kumano
KumiKiwa	kumikiwa
kunitaro	kunitaro
kurt	kurt
Kuuki	kuuki
Kylrie	kylrie
KYLRIE	kylrie
KYUNGNAM	kyungnam
kzoe	kzoe
LAAAF	laaaf
LAARZZI	laarzzi
LABELLE	labelle
labelm	labelm
Labo	labo
LABO	labo
Labocare	labocare
Laboratoire雅力信	laboratoire	雅	力	信
Labs	labs
LABS	labs
LACOLORS	lacolors
Lacoste	lacoste
LACOSTE	lacoste
LACROIX	lacroix
Laduree	laduree
lady	lady
Lady	lady
Ladyup	ladyup
LAFFAIR	laffair
LAFINATO	lafinato
Laggie	laggie
LAiKA	laika
LAINO蕾娜	laino	蕾	娜
laisla	laisla
la_isla	la	isla
LAIT	lait
Laitier	laitier
LALA	lala
Lalababy	lalababy
Lamborghini	lamborghini
Lamex	lamex
lamilee	lamilee
LaMousseHome	lamoussehome
LAMSAMYICK	lamsamyick
LAMY	lamy
LANAMI	lanami
Lancome	lancome
Land	land
LAND	land
Landry	landry
LANEIGE	laneige
Langsha	langsha
Lannier	lannier
Lanocreme	lanocreme
Lanvin	lanvin
LANVIN	lanvin
laomiao	laomiao
La Pulovce	la	pulovce
lashpure	lashpure
LASplash	lasplash
Lassig	lassig
LASYA	lasya
LATEEN IRIS	lateen	iris
l'atelier	latelier
LATHERY	lathery
latico	latico
Lauder	lauder
Laundrin	laundrin
Laura	laura
Lauren	lauren
Laurent	laurent
L’AVER	l	aver
lavera	lavera
LAVOIR	lavoir
LAVONS	lavons
Lavshuca	lavshuca
LAZYBEE	lazybee
LDIOIf	ldioif
Leaders	leaders
leaf	leaf
Leaf	leaf
Leanani	leanani
LEBON	lebon
LEBOND	lebond
Leclerc	leclerc
lecoco	lecoco
LED灯	led	灯
Leelff	leelff
LEFTFIELD	leftfield
lefupeng	lefupeng
LEGO	lego
lehome	lehome
Leivy	leivy
Lemon	lemon
LEMONA	lemona
lemonandbanana	lemonandbanana
LEMONIS	lemonis
lenovo	lenovo
Lerbolario	lerbolario
leroy	leroy
Le Saunda	le	saunda
lesportsac	lesportsac
letdream	letdream
Levi's	levis
Lexar	lexar
LEXY	lexy
leyun	leyun
LG倍瑞傲	lg	倍	瑞	傲
LG家居之星	lg	家居	之	星
LG斯丽诺妃	lg	斯	丽	诺	妃
LG汰克	lg	汰	克
LG生活健康	lg	生活	健康
LIANGFEI	liangfei
Library	library
Libratone	libratone
Libresse	libresse
lidong	lidong
Lierac	lierac
life	life
Life	life
LIFE	life
Lifecella	lifecella
Lifeline	lifeline
Life's	lifes
LIFHA	lifha
Ligerstore	ligerstore
LIGHT	light
lightstim	lightstim
lilbetter	lilbetter
LilyBell	lilybell
Line	line
LINE	line
Linea Rosa	linea	rosa
LINER	liner
LINGE	linge
lingerie	lingerie
Lingerie	lingerie
LI－NING	li	ning
LINK	link
LINTA	linta
LIOELE	lioele
Lion	lion
LION	lion
lioncat	lioncat
liphop	liphop
LIQUID	liquid
Lirikos	lirikos
Lishan	lishan
Listerine	listerine
little	little
LITTLE	little
littlebluelamb	littlebluelamb
Liu Jo	liu	jo
Live	live
LIVEN	liven
livera	livera
Livi	livi
Living	living
LIYIHAN	liyihan
LIZARD	lizard
L.Mansse	l	mansse
L’OCCITANE	l	occitane
LOCK	lock
LODGE	lodge
LODIS	lodis
Loeffler	loeffler
Loewe	loewe
LOEWE	loewe
lolilu	lolilu
Lollalcup	lollalcup
LOLOPIANI	lolopiani
loloten	loloten
london	london
London	london
LONDONFOG	londonfog
Long	long
longbeibei	longbeibei
LONGCHAMP	longchamp
LONGCILS	longcils
lonyuash	lonyuash
LOOK	look
LOONEY	looney
LORAC	lorac
Loreal	loreal
L'OREAL	loreal
Lorenz	lorenz
Loretta	loretta
LOSHI	loshi
LOTREE	lotree
LOTTE	lotte
Louer	louer
Louis	louis
Lounge	lounge
love	love
Love	love
LOVE	love
Loved	loved
Loveliner	loveliner
Lover	lover
LOVERS	lovers
LOVIEN	lovien
LOVO	lovo
LOWEPRO	lowepro
loyer.mod	loyer	mod
LPLVPK	lplvpk
LRBEFAY	lrbefay
L’SPHERE	l	sphere
lssw	lssw
LUBIER	lubier
Lucas	lucas
Luciano	luciano
Lucky	lucky
Lugz	lugz
Luke	luke
LUKIYA	lukiya
lulu	lulu
Lulujo	lulujo
lululun	lululun
LumiMP5000	lumimp5000
LUNA	luna
LUNA.C	luna	c
LUNASOL	lunasol
LUOLAI	luolai
Lupi	lupi
Luqi	luqi
Lush	lush
LushPure	lushpure
Lutens	lutens
luvingtwo	luvingtwo
LUXDON	luxdon
Luxe	luxe
Lux-girl	lux	girl
Lux-man	lux	man
LUXWAY	luxway
luyijinzun	luyijinzun
LWEST	lwest
lydc	lydc
m2monline	m2monline
M.A.C	m	a	c
Macadamia	macadamia
MACFION	macfion
MACQNF	macqnf
MacQueen	macqueen
MACQUEEN	macqueen
MACUS	macus
Madara	madara
madden	madden
MADDEN	madden
Made	made
MAEDA	maeda
magaschoni	magaschoni
MAGFX	magfx
Magic	magic
MAGICALJAY	magicaljay
MagicBox	magicbox
MAGIE	magie
Magma	magma
Magnum曼格纳	magnum	曼	格	纳
MAGSPACE	magspace
MAIHADA	maihada
Maila	maila
Maison	maison
majicbeauty	majicbeauty
MAJORCA	majorca
mak7	mak7
MAKANAI	makanai
Make	make
MAKEON	makeon
maker	maker
makeshop	makeshop
MAKEUP	makeup
MakiBeauty	makibeauty
makmaks	makmaks
Maledetti	maledetti
Malibu	malibu
Malizia	malizia
Mallboll	mallboll
Malone	malone
Mama	mama
mama´s	mama	s
MAMMUT	mammut
mammyvillage	mammyvillage
mamonde	mamonde
mandom	mandom
Mandom	mandom
MANDYAMAN	mandyaman
Mango	mango
MANGO	mango
Manhattan	manhattan
manis	manis
Mankind	mankind
manon	manon
Manor	manor
manoush	manoush
Mantovani	mantovani
Manuka	manuka
manyun	manyun
Manzi	manzi
MAOMAO	maomao
Maquillage	maquillage
Marc	marc
Marcelo	marcelo
MarcJacobs	marcjacobs
Marcy	marcy
MARCY&LANDRY	marcy	landry
marie	marie
Marie	marie
marie claire	marie	claire
Mario	mario
Mario Badescu	mario	badescu
Markwins	markwins
Marmot	marmot
Marni	marni
Mars	mars
Martin	martin
Martine	martine
MARUBI	marubi
MARUKAWA	marukawa
MARUMO	marumo
marutai	marutai
Marvis	marvis
Mary	mary
Mary's	marys
MASA	masa
MASCARA	mascara
MASHIRON	mashiron
Masked	masked
Mask_Family_1908	mask	family	1908
Mastercare	mastercare
Masters	masters
Matricol	matricol
matt	matt
MAURICE	maurice
Mauxion	mauxion
Mavala	mavala
MAWALIFE	mawalife
Maxam	maxam
MaxClinic	maxclinic
MAXCOOK	maxcook
Maxfactor	maxfactor
MAXIGENES	maxigenes
Maxim	maxim
MAXMARA	maxmara
MAYA	maya
MAYBELLINE	maybelline
MaykorJane	maykorjane
Mayllie	mayllie
mccartney	mccartney
mcqueen	mcqueen
McQueen	mcqueen
Meadjohnson	meadjohnson
Medas	medas
medeep	medeep
Medela	medela
Median	median
MEDICAL	medical
Medicine	medicine
MEDIHEAL	mediheal
MEELK	meelk
MEGA	mega
Megi's	megis
Megi's Gift	megis	gift
meiji	meiji
meishoku	meishoku
MEIYA	meiya
MEIZU	meizu
Mejikaliner	mejikaliner
melano	melano
Meli	meli
MELISSA	melissa
Melissadough	melissadough
mell	mell
Mellin	mellin
Mellsavon	mellsavon
Melo	melo
Melody	melody
Melrose	melrose
Melty	melty
Melvita	melvita
MEMEME	mememe
MENGMENG	mengmeng
Mentholatum	mentholatum
MENTHUS	menthus
MercedesBenz	mercedesbenz
Mercier	mercier
merit	merit
Merlot	merlot
MERRELL	merrell
Merry	merry
METABOLIC	metabolic
Methode	methode
METROPOLIS	metropolis
MEXICAN	mexican
Miamasvin	miamasvin
Mianyanger	mianyanger
MICCOSMO	miccosmo
Michael	michael
MICHAEL KORS	michael	kors
Michelle	michelle
MICLAN	miclan
MicoFace	micoface
Micro	micro
MICRO	micro
Midea	midea
Midnight	midnight
Miemieshop	miemieshop
MIERO	miero
migunstyle	migunstyle
MIKA	mika
MIKESTRIP	mikestrip
mikibana	mikibana
MIKIMOTO	mikimoto
Mikuer	mikuer
Milani	milani
MILATTE	milatte
Mild	mild
MILD	mild
MILITARYBY	militaryby
milk	milk
Milk	milk
MILKY	milky
MILKYDRESS	milkydress
Millcreek	millcreek
Millet	millet
Mills	mills
mimi	mimi
MIMI	mimi
Mimime	mimime
MIMO	mimo
MIND	mind
MINERAL	mineral
Minerals	minerals
MINGHE	minghe
MINI	mini
minigirl	minigirl
MINISO	miniso
MiniZaru	minizaru
Minizone	minizone
Minkoff	minkoff
MINNETONKA	minnetonka
MINON	minon
Mi-Pac	mi	pac
miqilulu	miqilulu
Miqinyingfang	miqinyingfang
MIRUM	mirum
Mischka	mischka
mise	mise
Mise	mise
Misreel	misreel
miss	miss
Miss	miss
MISS	miss
misscandy	misscandy
MISSCAROL	misscarol
MISSCO	missco
missface	missface
MISS FACE	miss	face
MISSHA	missha
MISSMARY	missmary
MISSONI	missoni
missqueenie	missqueenie
MISS.R	miss	r
MissSaori	misssaori
MISSTAJA	misstaja
MIST	mist
MISTIC	mistic
MISTINE	mistine
miuco	miuco
MIYAKE	miyake
MIYATA	miyata
MizLine	mizline
MIZON	mizon
MIZZEN	mizzen
mizzi	mizzi
mk国际	mk	国际
MLEKOVITA	mlekovita
MLFS	mlfs
MMeiZhuan	mmeizhuan
Mobil	mobil
_mobile	mobile
MOCCASIN	moccasin
MOCCONA	moccona
Moda	moda
Mode	mode
Model	model
ModelCo	modelco
MODERNIQUE	modernique
mod’s	mod	s
modstrom	modstrom
Moen	moen
MOGLIE	moglie
MOGONG	mogong
Moist	moist
MOJO	mojo
MOLSSI	molssi
MOLTON	molton
Moly	moly
MOMINOKI	mominoki
Momo	momo
Momoia	momoia
mom's	moms
MONACO	monaco
Monday	monday
Mondobell	mondobell
Monkey	monkey
monplay	monplay
MONSTER	monster
Mont	mont
Montagne	montagne
MOOKA	mooka
Moon	moon
MOONY	moony
MOOSIE	moosie
more	more
More	more
Morgan	morgan
Morgenrot	morgenrot
Mori	mori
MORIHAKU	morihaku
morinaga	morinaga
Morning	morning
MOROCCANOIL	moroccanoil
morrison	morrison
Moschino	moschino
MOSCHINO	moschino
Moshi	moshi
Moss	moss
MOTE	mote
Mother	mother
mothermade	mothermade
Mother's	mothers
motivo	motivo
Motorola	motorola
mountain	mountain
Mountain	mountain
MOVADO	movado
moveon	moveon
MOVITO	movito
Moyo	moyo
MrBubble	mrbubble
MUANOS	muanos
mucosolvan	mucosolvan
Muelhens	muelhens
MUFFIN	muffin
MuGu	mugu
MUJI	muji
Mulberry	mulberry
Muli	muli
MULTI	multi
Multi-Mam	multi	mam
MUMUHOME	mumuhome
Munchkin	munchkin
Murad	murad
Murrell	murrell
Muscle	muscle
MusclePharm	musclepharm
muse	muse
MUSEE	musee
Mustela	mustela
MXSVISION	mxsvision
mycarol	mycarol
Myer's	myers
myjing-o	myjing	o
mykuali	mykuali
Myluxbox	myluxbox
Mymi	mymi
NABISCO	nabisco
NAGA	naga
NailTek	nailtek
Nair	nair
NAMYANG	namyang
nanasalon	nanasalon
NANCYK	nancyk
Naning9	naning9
NANOSYS	nanosys
NANOX	nanox
nara	nara
Naris	naris
NARS	nars
NARUKO	naruko
NATCOL	natcol
Nateropathica	nateropathica
NATIONAL	national
Native	native
Native shoes	native	shoes
NATORI	natori
NATROL	natrol
Natual	natual
Natura	natura
natural	natural
Natural	natural
NATURAL	natural
natural design	natural	design
NATURALLY	naturally
NATURALLY JOJO	naturally	jojo
Naturals	naturals
nature	nature
Nature	nature
@Nature	nature
Natures	natures
Nature's	natures
naturie	naturie
NATVRA	natvra
NAVI	navi
NAWO	nawo
nclass	nclass
Nclass	nclass
Neal’s	neal	s
Neal'sYard	nealsyard
NEBAJYUKU	nebajyuku
Nectar	nectar
needless	needless
NEEDS	needs
NELLA	nella
Nelson	nelson
NeoCell	neocell
NEODAY	neoday
Neofrontier	neofrontier
Neogen	neogen
NEOGEN	neogen
NEREIDS	nereids
NERF	nerf
Neslte	neslte
NESTI	nesti
Netharria	netharria
Neutrogena	neutrogena
newbalance	newbalance
Newness	newness
NEWYORK	newyork
Nexxus	nexxus
nibbuns	nibbuns
nibobo	nibobo
Nicce	nicce
NICCOLO	niccolo
nicorette	nicorette
nigari	nigari
night	night
NIHONMOCHI	nihonmochi
Nike	nike
Nina	nina
Nine	nine
Nine west	nine	west
NINI	nini
niniMonica	ninimonica
niniMONICA	ninimonica
NIOXIN	nioxin
Nipple	nipple
Nippy's	nippys
NIPPYS	nippys
nissin	nissin
NITRO	nitro
Nivea	nivea
NIVEOLA	niveola
N＇JILL	n	jill
NNickel	nnickel
NO1DARA	no1dara
NOEYEDEER	noeyedeer
Nokchawon	nokchawon
nongshim	nongshim
nongxinweijia	nongxinweijia
NonKuma	nonkuma
Nordic	nordic
North	north
NORTH	north
Nose	nose
NostalgiaElectric	nostalgiaelectric
notime	notime
Nozawa	nozawa
Nryana	nryana
NSFaFaJapan	nsfafajapan
nslash	nslash
Nuby	nuby
Nu-Lax	nu	lax
Numero	numero
Nurse	nurse
Nursery	nursery
Nutra	nutra
NutriButy	nutributy
NUTRILITE	nutrilite
Nutrilon	nutrilon
Nutrition	nutrition
Nut巧菲	nut	巧	菲
Nuxe	nuxe
NUZERA	nuzera
NY&Co	ny	co
nysense	nysense
O2cool	o2cool
Oadmire	oadmire
OBIDOS	obidos
Ocean	ocean
OCEAN	ocean
Odaban	odaban
odenn	odenn
OFFICIAL	official
of-gentle	of	gentle
Ohbases	ohbases
Ohtakakohso	ohtakakohso
OHYAMA	ohyama
Oils4life	oils4life
oissie	oissie
Ojon	ojon
OK BABY	ok	baby
okinawa	okinawa
olay	olay
OLAY	olay
OLDEFY	oldefy
OLDENBURGER	oldenburger
Oléronn	ol	ronn
Olitalia	olitalia
olive	olive
Olivella	olivella
Olivessence	olivessence
olivia	olivia
Olivier	olivier
OLUFSEN	olufsen
OLYLOVE	olylove
OLYMPUS	olympus
O‘LYSEE	o	lysee
OMBRELLE	ombrelle
OMG*CHIC	omg	chic
OMRON	omron
omto	omto
on10	on10
ONEBUYE	onebuye
Oneill	oneill
Onitsuka	onitsuka
only	only
ONLY	only
ONYA	onya
Ooita	ooita
OopsCiah	oopsciah
Oops!J	oops	j
OOrlane	oorlane
OOU!	oou
OPERA	opera
OPRLV	oprlv
OPSUTDUNILRO	opsutdunilro
opti	opti
Optislim	optislim
Optoma	optoma
Ora2	ora2
Oral	oral
Oral-B	oral	b
Orbis	orbis
ordifena	ordifena
Organic	organic
ORGANIC	organic
organics	organics
Organics	organics
ORGANICS	organics
Orgenoa	orgenoa
Oriflame	oriflame
Origin/Bamboo	origin	bamboo
Origins	origins
ORIHIA	orihia
ORIHIRO	orihiro
ORIKS	oriks
ORLEANI	orleani
OROFLUIDO	orofluido
ORTHIA	orthia
Ortis	ortis
Oscar	oscar
Osdy	osdy
OSEQUE	oseque
OSPREY	osprey
osteocare	osteocare
OSTOWN	ostown
Osulloc	osulloc
osweet	osweet
OTAKU	otaku
Otaste	otaste
Ottie	ottie
ouzhouzhan	ouzhouzhan
Ozark	ozark
Ozcare	ozcare
pack	pack
PACK	pack
Paco	paco
PALA	pala
Paldo	paldo
Palgantong	palgantong
Palladio	palladio
PALLADIUM	palladium
palma	palma
Palmer's	palmers
Palmer’s	palmer	s
PALMER'S	palmers
PALZ	palz
Pampers	pampers
PANDora	pandora
PANGAO	pangao
Papaw	papaw
PAPERPLANES	paperplanes
Paradise	paradise
Parda	parda
Parfums	parfums
paris	paris
Paris	paris
PARIS	paris
Parker	parker
Parrot	parrot
Parrs	parrs
Partners	partners
Patagonia	patagonia
PATCH	patch
Path	path
PATI	pati
Patyka	patyka
paul	paul
Paul	paul
Paula's	paulas
paulshop	paulshop
PAULSHOP	paulshop
PAYOT	payot
PEACE	peace
Peace/真美诗	peace	真	美诗
PEACH	peach
Peacock	peacock
Pearl	pearl
PEARL	pearl
pearls	pearls
Pedicare	pedicare
peeling	peeling
PEELINGOOD	peelingood
Pelican	pelican
Pelikan	pelikan
PELIPS	pelips
PENATEN	penaten
Penelopi	penelopi
Penny	penny
pensee	pensee
PENTAX	pentax
Pentel	pentel
people	people
PEOPLE	people
PEPPERIDGE	pepperidge
Peptide	peptide
Perfect	perfect
PERIKAN	perikan
PERIOE	perioe
Peripera	peripera
Perla	perla
Perricone	perricone
Persian	persian
Persian Rose	persian	rose
person	person
PESAIL	pesail
Peskoe	peskoe
PETERSON_FARMS	peterson	farms
PETITFEE	petitfee
PetMaster	petmaster
PF79	pf79
pharm	pharm
pharmaceutical	pharmaceutical
phenix	phenix
Philippine	philippine
PHILIPS	philips
Philosophy	philosophy
Phoenix	phoenix
PHSkin	phskin
Physicians	physicians
Phyto	phyto
PHYTOCODE	phytocode
Piara	piara
Piaubert	piaubert
Piave	piave
PICCINI	piccini
Pierre	pierre
PIERRE	pierre
pieryoga	pieryoga
Pigeon	pigeon
PILGRIM	pilgrim
PILI	pili
Pillbox	pillbox
PILOT	pilot
pink	pink
Pink	pink
PINK	pink
pinkelephant	pinkelephant
Pinkie	pinkie
PINKKING	pinkking
Pinkmei	pinkmei
pinksisly	pinksisly
Pinky	pinky
PINZIKO	pinziko
pioneer	pioneer
Pip　	pip
Pitanguy	pitanguy
PLAGENTRA	plagentra
PLAN	plan
Planet	planet
Planj	planj
Plantation	plantation
PLARICH	plarich
Platinum	platinum
play	play
playboy	playboy
Pleasure	pleasure
Plextor	plextor
PLOUDIT	ploudit
Plum	plum
plus	plus
Plus	plus
PLUS	plus
pmsix	pmsix
Pneige	pneige
PoBling	pobling
Pointer	pointer
POKKA	pokka
POLA	pola
polar	polar
POLI	poli
POLICE	police
Pollack	pollack
polo	polo
Polo	polo
POLO	polo
POLOMEISDO	polomeisdo
polo衫	polo	衫
Polynia	polynia
Ponds	ponds
poni	poni
Ponie	ponie
PONY	pony
POPOVA	popova
pororo	pororo
PORORO	pororo
PORSCHE DESIGN	porsche	design
Portage	portage
Posen	posen
POSHE	poshe
POSSIBILITIES	possibilities
POST	post
Potion	potion
POTIONS	potions
POTONO	potono
POUCH	pouch
Pourty	pourty
POVOS	povos
Pozo	pozo
PPure&amp;Mild	ppure	amp	mild
Prada	prada
PRAGRENRI	pragrenri
Prairie	prairie
Praise	praise
PRASE	prase
PREBUTE	prebute
Premium	premium
PRESCRIPTIVES	prescriptives
Prestige	prestige
PRETTY	pretty
PRETTYISH	prettyish
Prettysunful	prettysunful
Price	price
Pride	pride
primera	primera
Princess	princess
project	project
PROLiVON	prolivon
Propolinse	propolinse
proposal	proposal
PROTEOGRICH	proteogrich
Provance	provance
ProX	prox
ProX by olay	prox	by	olay
PROYA	proya
Prps	prps
Prutapu	prutapu
Pucelle	pucelle
PUCPIN	pucpin
Pukku	pukku
Puku	puku
Pulovce	pulovce
puma	puma
Puma	puma
PunkyPlanet	punkyplanet
pupazzo	pupazzo
Puppies	puppies
PurCotton	purcotton
pure	pure
Pure	pure
PURE	pure
Pure＆Basic	pure	basic
purebess	purebess
pureborn	pureborn
purederm	purederm
Purell	purell
PUREPLUS	pureplus
Purevivi	purevivi
PURIFEE	purifee
Puritan's	puritans
Purity	purity
Purpose	purpose
Purrfect	purrfect
PURU	puru
Putti	putti
PuttiAtti	puttiatti
puzzle	puzzle
Pyuoral	pyuoral
Q-AND	q	and
qanme	qanme
QDSUH	qdsuh
Q-FACE	q	face
qianlixiu	qianlixiu
QiaoFeng	qiaofeng
Qiaoshou	qiaoshou
QIGIRL	qigirl
QIMSENSE	qimsense
QinPeier	qinpeier
QIRUI	qirui
qiwang	qiwang
QLYMAS	qlymas
QUAKER	quaker
QUALITY	quality
Queen	queen
QUEEN	queen
Queens	queens
QUEEN'S	queens
QueenSpade	queenspade
Queenstar	queenstar
Quiksilver	quiksilver
Q版香水	q	版香水
Rabanne	rabanne
RADIUS	radius
Radley	radley
RADO	rado
RaffertysGarden	raffertysgarden
Raffinato	raffinato
RAFFINE	raffine
Rainbow	rainbow
RAINBOW	rainbow
Raincats	raincats
Rainring	rainring
rakutten	rakutten
Ralph	ralph
Ranch	ranch
Randall	randall
Ransom	ransom
RapidLash	rapidlash
RAPUNZEL	rapunzel
raramax	raramax
RASTAR	rastar
RASTAR·BABY	rastar	baby
Raven	raven
Rayban	rayban
RAYIZU	rayizu
Raymond	raymond
realcoco	realcoco
Reason	reason
Rebecca	rebecca
REBORNDE	rebornde
RECALL	recall
RE:CIPE	re	cipe
Recreation	recreation
Redemption	redemption
Redken	redken
redswin	redswin
Reebok	reebok
ReEn	reen
Refa	refa
ReFa	refa
Refine	refine
Regen	regen
REIFOY	reifoy
Rejoice	rejoice
Religion	religion
Relu	relu
Remedies	remedies
REMEDIES	remedies
REMEG	remeg
Removal	removal
Remover	remover
Remy	remy
RENE	rene
Renkomay	renkomay
Renta	renta
replay	replay
Republic	republic
REPUBLIC	republic
Restoria	restoria
REVERSA	reversa
Reveur	reveur
Revitalash	revitalash
Revlon	revlon
Rewiwax	rewiwax
RHINE	rhine
Rhodes	rhodes
RHYTHM	rhythm
RIBON	ribon
RICAUD	ricaud
Ricci	ricci
RICE	rice
richbon	richbon
richora	richora
Ricoh	ricoh
Riemann	riemann
RIIID	riiid
rijin	rijin
rikang	rikang
RIKEN	riken
RiKi	riki
RIKKA	rikka
RIKON	rikon
Ring	ring
RIPI	ripi
rire	rire
RITANA	ritana
Ritter	ritter
RIVAGE	rivage
river	river
River	river
RIWA	riwa
rjgraziano	rjgraziano
RJSTORY	rjstory
ROAD	road
Roberts	roberts
Rochas	rochas
ROCHE-POSAY	roche	posay
Rocher	rocher
Rock	rock
Rocket	rocket
Rockland	rockland
Rockme	rockme
Rockport	rockport
rohto制药	rohto	制药
ROJUKISS	rojukiss
ROLAND	roland
Rolly	rolly
ROMAN	roman
Romance	romance
Romelo	romelo
Rominz	rominz
ROOIBOS	rooibos
ROOKIE	rookie
roompacker	roompacker
Roozas	roozas
ROSAPACIFIC	rosapacific
Rose	rose
ROSE	rose
Rosebud	rosebud
ROSEBUD	rosebud
Rosebud Smiths	rosebud	smiths
ROSETTE	rosette
ROTH	roth
ROUDYE	roudye
Rouge	rouge
RouTy	routy
Royal	royal
ROYAL	royal
Royvalu	royvalu
Rubbermaid	rubbermaid
RUBEH	rubeh
Rubinstein	rubinstein
RUOYU	ruoyu
Rusher	rusher
Russe	russe
Ryka	ryka
RYUKYU	ryukyu
S900	s900
saem	saem
Safeguard	safeguard
Sagami	sagami
Sahara	sahara
Saint	saint
Saint&Devil天使与恶魔	saint	devil	天使	与	恶魔
SAINT LASURENT	saint	lasurent
Sajen	sajen
Saky	saky
Sally	sally
Salome	salome
SALOMON	salomon
SALONPAS	salonpas
Salus莎露丝	salus	莎	露丝
Salvatore	salvatore
Salvatore Ferragamo	salvatore	ferragamo
samjin	samjin
samlip	samlip
Samourai	samourai
SAMPAR	sampar
samra	samra
Samsonite	samsonite
SAMSUNG	samsung
Samyang	samyang
SANA	sana
sanctuary	sanctuary
Sander	sander
SanDisk	sandisk
sandro	sandro
SANDS	sands
Sangaria	sangaria
SANHOLY	sanholy
SANKYODO	sankyodo
Sanosan	sanosan
sans	sans
SANSAR	sansar
sansho	sansho
SantaMarche	santamarche
Santana	santana
Santhem	santhem
SANYO	sanyo
Sanyoo	sanyoo
Sapphire	sapphire
SAPPORO	sapporo
Sarah	sarah
SARARI	sarari
SARASALON	sarasalon
Sasa	sasa
SASSY	sassy
satchi	satchi
saucony	saucony
SAVE	save
SAVON	savon
SAYER	sayer
SBENU	sbenu
SCALABO	scalabo
Scallan	scallan
scene	scene
SCENTLINE	scentline
Scents	scents
Schiff	schiff
SCHLEICH	schleich
Scholl	scholl
Scholls/Caleres	scholls	caleres
school	school
schutz	schutz
Schwarzkopf	schwarzkopf
SCOS	scos
scott	scott
Seal	seal
seatosky	seatosky
Seatree-art	seatree	art
seavees	seavees
Seba	seba
Sebagh	sebagh
sebamed	sebamed
Seche	seche
Seche Vite	seche	vite
secret	secret
Secret	secret
SECRET	secret
Secreta	secreta
SEIKA	seika
SEIMEE	seimee
SELENA	selena
Self	self
Sempio	sempio
Senda	senda
Sennheiser	sennheiser
SENSE1991	sense1991
SEPE	sepe
Serge	serge
setter	setter
seven	seven
SEVEN7	seven7
SexyLook	sexylook
SEXY LOOK	sexy	look
seychelles	seychelles
SGPG	sgpg
shae	shae
SHAKU	shaku
SHALL	shall
SHAN	shan
Shanwu	shanwu
shara	shara
sharashara	sharashara
Sharbelious	sharbelious
SHARE	share
Sharon	sharon
Sharp	sharp
SHEARERS	shearers
SHEATA	sheata
Shellys	shellys
shes	shes
shezglobal	shezglobal
SHEZI	shezi
Shibi	shibi
shijie	shijie
SHILLS	shills
Shimmer	shimmer
SHINE	shine
shine美似	shine	美	似
Shining	shining
SHINYA	shinya
shinyakoso	shinyakoso
SHIROCHASOU	shirochasou
Shiseido	shiseido
SHISHANG	shishang
SHISLADY	shislady
SHOBI	shobi
Shoe	shoe
Shoes	shoes
Shop	shop
SHOWKING	showking
shuuemura	shuuemura
SHVYOG	shvyog
sibeier	sibeier
SIEMENS	siemens
SIERRA	sierra
sigerson	sigerson
SIGMA	sigma
Siku	siku
Silence	silence
Silicone	silicone
SILK	silk
SILU	silu
Silver	silver
simida	simida
Simpson	simpson
SINGER	singer
singshang	singshang
SINHILLZE	sinhillze
Sipahh	sipahh
sisley	sisley
sister	sister
SISU	sisu
Siwy	siwy
sixtree	sixtree
Sixty	sixty
skav	skav
SKECHERS	skechers
SKII	skii
SK-II	sk	ii
skin	skin
Skin	skin
SKIN	skin
skin1004	skin1004
SKIN79	skin79
SKINDINAVIA	skindinavia
SKIN FACTORY	skin	factory
SKINFOOD	skinfood
skinguard	skinguard
skin holic	skin	holic
Skinnygirl	skinnygirl
SKINS	skins
skipcollection	skipcollection
Skyworth	skyworth
Sleek	sleek
Slender	slender
Slim	slim
SLIM	slim
slimwalk	slimwalk
Slydes	slydes
Smacker	smacker
SMARCO	smarco
SMASHBOX	smashbox
Smile	smile
Smiths	smiths
Snail	snail
Sneakerhead	sneakerhead
snfeel	snfeel
snow	snow
Snow	snow
snowbear	snowbear
SNRD	snrd
Soap	soap
SOAP	soap
so‘bio	so	bio
Society	society
Socks	socks
SODAMON	sodamon
sofina	sofina
SOFTLOVE	softlove
soie	soie
Soin	soin
Soir	soir
SOLD	sold
Soldier	soldier
Sole	sole
Solingen	solingen
Solo	solo
Solone	solone
somang	somang
Somerville	somerville
Sonbahyu	sonbahyu
Sony	sony
sonyunara	sonyunara
Sooryehan	sooryehan
SOPHIA	sophia
SOPHIE	sophie
Soprani	soprani
Soral	soral
Sorbet	sorbet
SOSU	sosu
soucis	soucis
SOUP	soup
soway	soway
Space	space
SPADE	spade
SPALDING	spalding
Sparitual	sparitual
Spark	spark
Spa treatment	spa	treatment
SpDc	spdc
spears	spears
special饰品	special	饰品
Speed	speed
SPEEDOMETER	speedometer
Spenco/Implus	spenco	implus
SPERRY	sperry
SPGIRL	spgirl
spicy	spicy
SPIGA	spiga
Spinbrush	spinbrush
Spira	spira
SPIRITKIDS	spiritkids
SpLa	spla
SPLEDEC	spledec
splendid	splendid
Splendid	splendid
SpongeBob	spongebob
SPOONER	spooner
SPOPAD	spopad
SPORT	sport
Spray	spray
SPRINA	sprina
Spring	spring
Spring Leaf	spring	leaf
Sprouts	sprouts
SSIMO	ssimo
SSoin	ssoin
ssunny	ssunny
STACCATO	staccato
Stags	stags
Standard	standard
STARBUCKS	starbucks
Starts	starts
STAURT	staurt
SteelSeries	steelseries
STEEN	steen
stella	stella
Stenders	stenders
Sterp	sterp
steve	steve
STEVE	steve
steven	steven
StFiore	stfiore
STHERB	stherb
Stick	stick
Stiefel	stiefel
StIves	stives
STORY	story
stosto	stosto
STREAM	stream
Streamland	streamland
street	street
StriVectin-SD	strivectin	sd
STUART	stuart
STUDIO	studio
Style	style
STYLE	style
styleberry	styleberry
stylebyyam	stylebyyam
STYLE&CO	style	co
STYLE NANNA	style	nanna
styletiba	styletiba
Suave	suave
suavinex	suavinex
Sudocrem	sudocrem
sugar	sugar
Sugar	sugar
sugarfun	sugarfun
suiskin	suiskin
suite	suite
SUKI	suki
Sukin	sukin
sulisi	sulisi
sultang	sultang
Sulwhasoo	sulwhasoo
su:m37	su	m37
SUNKIST	sunkist
Sunkit	sunkit
Sunmaid	sunmaid
SunMond	sunmond
sunnuts	sunnuts
SUNPAC	sunpac
SunRype	sunrype
Sunsmile	sunsmile
SUNWOO	sunwoo
SUNWORLD	sunworld
Super	super
SUPER	super
Superdry	superdry
superelephant	superelephant
SUPER GLOSS	super	gloss
Superus	superus
Suplife	suplife
SUPOR	supor
SUPORUN	suporun
SUPPLE	supple
Supply	supply
Supra	supra
SUQQU	suqqu
Sutter	sutter
SUTTONSUGG	suttonsugg
suvin	suvin
SUZURAN	suzuran
SWANRING	swanring
swanson	swanson
SWAROVSKI	swarovski
Swatch	swatch
Swear	swear
sweet	sweet
SWEET	sweet
Sweetcolor	sweetcolor
sweet维恬	sweet	维恬
Swim	swim
SWIMS	swims
swimtrainer	swimtrainer
Swiss	swiss
SWISS	swiss
Swisse	swisse
Swissline	swissline
SWISSPURE	swisspure
swiss royal	swiss	royal
swiss vital	swiss	vital
Swisswin	swisswin
SWISSWIN	swisswin
synapse	synapse
syoss	syoss
T400	t400
Tacx	tacx
TaeKungnNongSan	taekungnnongsan
taicheng	taicheng
TAIWAN	taiwan
Takara	takara
TAKARA	takara
Take	take
Talika	talika
Talli	talli
TAMAGO	tamago
Tandh	tandh
Tangle	tangle
TANGLE TEEZER	tangle	teezer
Taos	taos
targus	targus
Taris	taris
tartan	tartan
TARUMANU	tarumanu
Taste	taste
TATAWA	tatawa
Tata/他她	tata	他	她
TATTOOTSS	tattootss
TCLEAR	tclear
TEAC	teac
Team	team
Teazen	teazen
Tech	tech
tectop	tectop
Ted Baker	ted	baker
Teemtkers	teemtkers
Teenmix/天美意	teenmix	天美	意
TEFAL	tefal
TENGU	tengu
Teretereba	teretereba
Terre	terre
Terry	terry
TESCOM	tescom
Tesorid'oriente	tesoridoriente
Tessera	tessera
Tetley	tetley
Thayers	thayers
Thecancercouncil	thecancercouncil
thefaceshop	thefaceshop
the face shop	the	face	shop
The history of whoo	the	history	of	whoo
thekitchenshop	thekitchenshop
The_Namir	the	namir
theory	theory
therapy	therapy
Therapy	therapy
THERAPY	therapy
THERMOS	thermos
The-skinshop	the	skinshop
TheTomboy	thetomboy
THIN	thin
Thinkbaby	thinkbaby
This	this
THOMAS	thomas
Thomass	thomass
Thompson's	thompsons
THOUGH	though
three	three
Three	three
Thursday	thursday
Tibori	tibori
tic tac toe	tic	tac	toe
Tiger	tiger
TIGER	tiger
tikes	tikes
Timberland	timberland
TIMBUK2	timbuk2
Time	time
TIME	time
TimTam	timtam
TITANIA	titania
Titus	titus
Tline	tline
TNZI	tnzi
toader	toader
TOD'S	tods
TODS TOTAL	tods	total
Tohato	tohato
Tokidoki	tokidoki
Tokyo	tokyo
TOKYO	tokyo
TOKYOSEIKA	tokyoseika
TOMFORD	tomford
TOMFORD汤姆·福特	tomford	汤姆	福特
Tommy	tommy
Tommy Hilfiger	tommy	hilfiger
tomnrabbit	tomnrabbit
tomo	tomo
TomTom	tomtom
Tonino	tonino
Tony	tony
TONYMOLY	tonymoly
too cool for school	too	cool	for	school
topartstudio	topartstudio
TopcoSales	topcosales
Topd3	topd3
Topfer	topfer
To-plan	to	plan
TO-PLAN	to	plan
Topo	topo
TOPOT	topot
topsky	topsky
TORRE	torre
Torrente	torrente
Tory Burch	tory	burch
TOSANI	tosani
Toscani	toscani
Toshiba	toshiba
TOSOWOONG	tosowoong
TOTES	totes
TOUCHBeauty	touchbeauty
TOUCHGROUND	touchground
Tourangelle	tourangelle
tout	tout
toyolife	toyolife
Tple	tple
Train	train
Trainer	trainer
TRANSINO	transino
Travalo	travalo
Travel	travel
treatment	treatment
TREBI	trebi
tree	tree
Trendy	trendy
Tresemme	tresemme
TRIARROWS	triarrows
Trilogy	trilogy
TRIM	trim
Trimfoot	trimfoot
TRINITYLINE	trinityline
TRISA	trisa
Trophy	trophy
Tropic	tropic
True	true
TRUE	true
Truffles	truffles
Trump	trump
TRUMP	trump
TSUBAKI	tsubaki
Tsubu	tsubu
TSUJISEI	tsujisei
TTommy	ttommy
tucker	tucker
Tuinen	tuinen
TUMI	tumi
Tuneage	tuneage
TUNES	tunes
tuogu	tuogu
TURMOIL	turmoil
Turtle	turtle
TURU	turu
TUSCANS	tuscans
twelfth	twelfth
TWICE	twice
twopercent	twopercent
TYATT	tyatt
T恤/吊带	t	恤	吊带
U3U3	u3u3
Ubbie	ubbie
UBTERA	ubtera
Udumbara	udumbara
UEETI	ueeti
uiui	uiui
UKISS	ukiss
ULTA	ulta
Ultrasun	ultrasun
umax	umax
Umbra	umbra
Under	under
underella	underella
Underground	underground
Underwear	underwear
UNES	unes
UNES+	unes
UNES优理氏	unes	优理氏
Ungaro	ungaro
UNICARE	unicare
UNIITY	uniity
UNIMAT	unimat
unique	unique
United	united
UNITED NUDE	united	nude
UNIX	unix
UOGOO	uogoo
uptownholic	uptownholic
U-quai	u	quai
Urban	urban
URGECOTTON	urgecotton
URIAGE	uriage
uruoi	uruoi
usoul	usoul
USPOL	uspol
UTENA	utena
UUJULY	uujuly
uulover	uulover
UUtena	uutena
UZXG	uzxg
U盘项链	u	盘	项链
V1white	v1white
Valentino	valentino
VALESENCE	valesence
valook	valook
VaLS	vals
Valvoline	valvoline
VanillaChocolate	vanillachocolate
vanillamint	vanillamint
VANILLE	vanille
Vanvia	vanvia
VAPE	vape
Vaseline	vaseline
Vasline	vasline
vatti	vatti
VCRUAN	vcruan
VEECCI	veecci
Veet	veet
VEET	veet
Vegemil	vegemil
VEGIE	vegie
Vegoos	vegoos
Velds	velds
Velk	velk
VENETA	veneta
venilla	venilla
Venus	venus
Verde	verde
veromoda	veromoda
versace	versace
Versace	versace
VeSS	vess
VICHY	vichy
VICKS	vicks
Victoria	victoria
VICTORIA'S	victorias
Vida/Esprit	vida	esprit
Videng	videng
Viente	viente
ViewSonic	viewsonic
Vikos	vikos
Villosa	villosa
vimuse	vimuse
vince	vince
vincent	vincent
vine	vine
Vinistyle	vinistyle
VInistyle	vinistyle
VISIT	visit
VITA	vita
vitabiotics	vitabiotics
VITABRID	vitabrid
VITACREME	vitacreme
Vitaland	vitaland
VITAMIX	vitamix
Vite	vite
Vivido	vivido
vividstar	vividstar
vivienne	vivienne
Vivienne	vivienne
Vivienne Westwood	vivienne	westwood
Vivre	vivre
VLOV	vlov
Volcom	volcom
vorenjay	vorenjay
Voulez-Vous	voulez	vous
Vuitton	vuitton
VValmont	vvalmont
wacoal	wacoal
wacom	wacom
WAIDMANN'S	waidmanns
waiyuentong	waiyuentong
WAKABA	wakaba
WAKAO	wakao
walk	walk
WAlK	walk
WANG	wang
warren	warren
Washy	washy
watch	watch
Wave	wave
W.DIVA	w	diva
WDRESSROOM	wdressroom
WEEKENDER	weekender
weekends	weekends
Wee'p	weep
Weight	weight
Weil	weil
WEITZMAN	weitzman
weiyuxin	weiyuxin
WELBA	welba
Welchs	welchs
WELCOS	welcos
Weleda	weleda
Wella	wella
Well_Fon	well	fon
Wellington	wellington
wellkid	wellkid
Wellness	wellness
WELLNESS	wellness
Wenbo	wenbo
WENGER	wenger
west	west
West	west
Wester	wester
westinghouse	westinghouse
Westwood	westwood
whatsom	whatsom
whisper	whisper
Whistles	whistles
white	white
White	white
WHITE	white
WHITIA	whitia
Whittard	whittard
whoo	whoo
Wildfox	wildfox
Will	will
WIN2	win2
windstyle	windstyle
Wink	wink
winnie	winnie
Winy	winy
Wipes	wipes
Wish	wish
withipun	withipun
WLab	wlab
WOLFZONE	wolfzone
WOLVERINE	wolverine
Woman	woman
WONDER	wonder
WonderKorea	wonderkorea
wonderrocket	wonderrocket
woomtree	woomtree
WOOS	woos
Works	works
World	world
WVFV	wvfv
WWhos	wwhos
XAIVITA	xaivita
Xhekpon	xhekpon
xiangzhique	xiangzhique
xiangzhuting	xiangzhuting
xianmu	xianmu
xiejiang	xiejiang
xinleer	xinleer
Xioti	xioti
xomowell	xomowell
XRBRAND	xrbrand
x-rite	x	rite
X-SOCKS	x	socks
XXiangXunYiZu	xxiangxunyizu
XYfuns	xyfuns
YADOU	yadou
Yakult	yakult
Yakushido	yakushido
Yalannongchang	yalannongchang
YAMAEI	yamaei
YA-MAN	ya	man
Yana	yana
YANAGIYA	yanagiya
YangSang	yangsang
yan's	yans
YanTu	yantu
Yard	yard
YBARRA	ybarra
YEAR	year
years	years
Yegrina	yegrina
Yejimiin	yejimiin
Yellow	yellow
Yeon	yeon
YEOSIN	yeosin
YIBOYO	yiboyo
yilanyun	yilanyun
Yili	yili
YINTAXIA	yintaxia
YINZHEN	yinzhen
yiqingyuan	yiqingyuan
YITOU	yitou
YKIKY	ykiky
yobee	yobee
Yokoyama	yokoyama
yoom	yoom
yopokki	yopokki
yosi	yosi
YOTUEL	yotuel
YOUNG	young
YoungEverSama	youngeversama
Your-d	your	d
yoursgrace	yoursgrace
Youtheory	youtheory
Youyoumeijia	youyoumeijia
Yubsshop	yubsshop
YUFIT	yufit
yunluoxuan	yunluoxuan
yunqing	yunqing
yuskin	yuskin
YUWA	yuwa
YUYUE	yuyue
Yves	yves
YYuJin	yyujin
ZACCARO	zaccaro
ZACCARO&NICCOLO	zaccaro	niccolo
Zandra	zandra
ZARA	zara
ZEFER	zefer
Zegna	zegna
zemmaworld	zemmaworld
ZENITH	zenith
Zense	zense
zenzero	zenzero
ZERONE	zerone
ZEROSIGN	zerosign
Zettoc	zettoc
Zhang	zhang
ZHANG	zhang
zhunbei	zhunbei
ZIMMUR	zimmur
ZINO	zino
zippo	zippo
ZiQing	ziqing
ziyi	ziyi
Zoccai	zoccai
zoeann	zoeann
Zoku	zoku
ZOLI	zoli
ZOOMREAL	zoomreal
zoozoom	zoozoom
ZOYA	zoya
zozi	zozi
zunfan	zunfan
ZUNGUI	zungui
zunyuanyuan	zunyuanyuan
zuofei	zuofei
ZWILLING	zwilling
ZZino	zzino
一千零一夜	一千	零	一夜
一品巷子	一	品	巷子
一席之地	一席之地
一次性餐具	一次性餐具
一洋制药	一	洋	制药
一生一石	一生	一	石
一生之水	一生	之水
一目了然	一目了然
一笔成型	一笔	成型
一米阳光	一	米	阳光
一统•红雨伞	一统	红	雨伞
一见倾心	一见倾心
一见钟情	一见钟情
一诺美Inneov	一诺美	inneov
一饮而尽	一饮	而尽
七分裤袜	七分裤	袜
七匹狼休闲	七匹狼	休闲
七匹狼皮具	七匹狼	皮具
七月木槿	七月	木槿
七街皇后	七	街	皇后
万紫千红	万紫千红
万能工匠	万能	工匠
三万三英尺	三万	三	英尺
三只松鼠	三只	松鼠
三和通商	三	和	通商
三季服饰	三	季	服饰
三宅一生	三	宅	一生
三幸制果	三	幸	制	果
三效合一	三效	合一
三星物产	三星	物产
三水之源	三水	之源
三洋电器	三洋	电器
三轮推车	三轮	推车
上品嘉人	上品	嘉人
上海女人	上海	女人
上海故事	上海	故事
不易脱妆	不易	脱妆
不莱玫会唱歌的包包	不	莱玫	会唱	歌	的	包包
世界最好	世界	最好
世纪美亚	世纪	美	亚
丛林奇兵	丛林	奇兵
东京制果	东京	制	果
东京着衣	东京	着	衣
东帝名坊	东	帝名	坊
东方宝石	东方	宝石
东方岩睿	东方	岩	睿
东方神骑	东方神	骑
东洋之花	东洋	之	花
东洋逸品	东洋	逸	品
东阿阿胶	东阿	阿胶
丝意风情	丝	意	风情
丝维诗兰	丝	维	诗	兰
丝露怡语	丝	露	怡	语
两款包装随机发货	两款	包装	随机	发货
两款随机发货	两款	随机	发货
两色可选	两色	可选
个人护理	个人	护理
中国娃娃	中国	娃娃
中外制药	中外	制药
中性香水	中性	香水
中盐维肤美纳	中	盐	维肤	美	纳
丰上制果	丰	上	制	果
丰胸食品	丰胸	食品
丸川制果	丸	川	制	果
丹尼尔惠灵顿	丹尼尔	惠灵顿
丹尼斯医生	丹	尼	斯	医生
丹梦戈兰	丹	梦	戈	兰
丽丽的鞋柜	丽	丽	的	鞋柜
丽丽贝尔	丽	丽	贝尔
丽格海棠Rieger	丽	格	海棠	rieger
丽莎怀特	丽莎	怀	特
丽颜世家	丽	颜	世家
乌龟海岸	乌龟	海岸
乐克乐克	乐	克	乐	克
乐器相关	乐器	相关
乐客友联	乐	客	友	联
乐扣乐扣	乐扣	乐扣
乐斯菲斯	乐	斯	菲斯
乐泽Moszero	乐	泽	moszero
乐玩美研	乐玩	美	研
乐高家居	乐高	家居
乒乓球拍	乒乓球	拍
乔治·阿玛尼	乔治	阿玛尼
九分裤袜	九分裤	袜
九朵云X	九朵云	x
买一盒赠一盒	买	一盒	赠	一盒
买一送一	买一送一
于MOMO	于	momo
云上生活	云	上	生活
云南白药	云南	白药
云朵面包	云朵	面包
云淡风轻	云淡风轻
五分裤袜	五分	裤袜
五星玩具	五星	玩具
五木食品	五	木	食品
五谷磨房	五谷	磨房
亚兰农场	亚	兰	农场
亚历山大	亚	历	山	大
亚历山大·王	亚	历	山	大	王
亚历山大·麦昆	亚	历	山	大	麦昆
亚洲妈妈	亚洲	妈妈
亚蓝卡蜡菊紧实消袋眼凝胶	亚蓝卡	蜡菊	紧实	消	袋	眼凝胶
产后塑身	产后	塑身
产妇卫生巾、湿巾	产妇	卫生巾	湿巾
亨亨小猪	亨	亨	小猪
京南制药	京	南	制药
京卫本草	京	卫	本草
京城之霜	京城	之	霜
京润珍珠	京	润珍珠
京都尚品	京都	尚品
京都蝶舞	京都	蝶	舞
亲子读物	亲子	读物
今上珠宝	今	上	珠宝
仙子宜岱	仙子	宜	岱
仟草佰露	仟	草	佰	露
代代花枳	代	代	花	枳
以收到的实物为准	以	收到	的	实物	为准
以爱之名	以	爱之	名
仿皮皮衣	仿皮	皮衣
仿真植物	仿真植物
仿真模型	仿真	模型
企鹅卫队	企鹅	卫队
伊万卡·特朗普	伊	万	卡	特	朗	普
伊丝艾拉	伊	丝	艾	拉
伊丽莎白	伊丽莎白
伊丽莎白雅顿	伊丽莎白	雅顿
伊华珠宝	伊	华	珠宝
伊夫•黎雪	伊	夫	黎雪
伊姬麦琪	伊	姬	麦琪
伊姿法玛	伊	姿	法	玛
伊彩华特	伊	彩	华	特
伊斯卡达	伊斯	卡	达
伊斯泰得	伊斯	泰	得
伊泰莲娜	伊	泰	莲	娜
伊莎蓓尔	伊	莎	蓓	尔
伊莎贝拉	伊	莎	贝拉
伊莱克斯	伊	莱克	斯
伊蒂之屋	伊	蒂	之	屋
伊诗夏兰薇	伊诗	夏	兰	薇
伊诗比蒂	伊诗	比	蒂
伍尔沃斯	伍	尔	沃	斯
休闲帆布鞋	休闲	帆布鞋
休闲玩具	休闲	玩具
休闲长裤	休闲	长裤
优之佳品	优	之	佳品
优优玛满贝贝	优优	玛	满	贝贝
优俐美仕	优	俐	美	仕
优友情侣	优	友情	侣
优可优爱	优	可	优	爱
优品伊一	优品	伊	一
优哈优哈	优	哈	优	哈
优婵蓓雅	优	婵	蓓	雅
优客爱火	优客	爱	火
优家尤嘉	优	家	尤	嘉
优月美人	优	月	美人
优雅主妇	优雅	主妇
会员生日礼包	会员	生日	礼包
伦士度-L	伦	士	度	l
伦敦男孩	伦敦	男孩
伯斯马丁	伯	斯	马丁
伯爵卓尔	伯爵	卓尔
似水年华	似	水年华
低聚果糖	低	聚	果糖
低调女人	低调	女人
佑一良品	佑	一	良品
体内调节	体内	调节
体膜/按摩霜	体	膜	按摩霜
佛罗浪丝	佛	罗	浪	丝
佛罗瑞斯	佛	罗	瑞	斯
佛莱格默	佛	莱	格	默
佛迪力菲凯	佛	迪	力	菲	凯
你好，熊猫	你好	熊猫
你妆我饰	你	妆	我	饰
你的故事	你的	故事
佩玛斯特	佩	玛斯	特
佰利佰瑞	佰	利	佰	瑞
佰澳朗德	佰	澳	朗	德
佳美吉利亚	佳美	吉利	亚
依帕内玛	依	帕	内	玛
依时名表	依	时	名表
依蕾朵立	依	蕾朵	立
依革思儿	依	革	思	儿
便携GPS导航	便携	gps	导航
便携桌椅床	便携	桌椅	床
俏皮娃娃	俏皮	娃娃
保健补钙	保健	补钙
保加利亚	保加利亚
保加利亚医药集团	保加利亚	医药集团
保暖内衣	保暖	内衣
保暖套装	保暖	套装
保温保鲜	保温	保鲜
保罗与鲨鱼	保罗	与	鲨鱼
保罗史密斯	保罗	史	密斯
保罗盖帝	保罗	盖	帝
保罗美思得	保罗	美思	得
保罗马球	保罗	马球
信乐电子热敷垫	信乐	电子	热敷垫
修护肌肤	修护	肌肤
倍爱妈咪	倍	爱	妈咪
偌水rosy	偌水	rosy
健康护理	健康	护理
健身器材	健身器	材
健身娱乐	健身	娱乐
健身玩具	健身	玩具
傲凝姬亚	傲	凝	姬	亚
儿童内衣裤	儿童	内衣裤
儿童凉席	儿童	凉席
儿童套件	儿童	套件
儿童安全座椅	儿童	安全	座椅
儿童寝具	儿童	寝具
儿童 浴帽	儿童	浴帽
儿童溜冰鞋	儿童	溜冰鞋
儿童背包	儿童	背包
儿童营养健康	儿童	营养	健康
儿童裤子	儿童裤	子
兆林童装	兆林	童装
光合生活	光合	生活
光面文胸	光面	文胸
克丽丝汀	克	丽	丝	汀
克丽丝蒂	克	丽	丝	蒂
克丽缇娜	克	丽	缇	娜
克丽贝蒂	克	丽	贝蒂
克拉洗丝	克拉	洗	丝
克林科斯	克林	科	斯
克缇贝卡布	克	缇	贝	卡	布
克莉丝汀伯顿	克	莉	丝	汀	伯	顿
克莱夫基斯汀	克莱	夫	基	斯	汀
克连贝格	克	连	贝	格
克里丝汀	克里	丝	汀
克里斯丁	克里	斯	丁
克里斯汀	克里	斯	汀
克里斯蒂安·奥迪吉	克里	斯	蒂	安	奥迪	吉
克里西蒙	克里	西	蒙
克雷斯丹尼	克	雷	斯	丹	尼
免洗面膜	免洗	面膜
全棉时代	全棉	时代
八九不离石	八	九	不离	石
八倍水Octoaqua	八倍	水	octoaqua
八公八婆	八	公	八	婆
八效合一	八	效	合一
公主娜娜	公主	娜	娜
公牛巨人	公牛	巨人
六效合一	六	效	合一
兰博基尼	兰	博	基	尼
兰嘉丝汀	兰	嘉	丝	汀
兰嘉丝汀Lancaster	兰	嘉	丝	汀	lancaster
其他品牌	其他	品牌
其他安全配件	其他	安全	配件
其他护理用品	其他	护理	用品
其他配饰	其他	配饰
内斯蒂丹特	内	斯	蒂	丹特
内衣套装	内衣	套装
内衣配件	内衣	配件
内饰清洁	内	饰	清洁
内饰精品	内	饰	精品
军迷用品	军	迷	用品
农庄生机	农庄	生机
农心味家	农心	味	家
冬己娃娃	冬	己	娃娃
冬虫夏草	冬虫夏草
冬虫草医用纱布卫生巾	冬虫草	医用	纱布	卫生巾
冰凝24/7	冰	凝	24	7
冲上云霄	冲上	云霄
冲绳酵素	冲绳	酵素
净化除味	净化	除味
净颜小筑	净颜	小筑
准父母读物	准	父母	读物
凉席/凉席套件	凉席	凉席	套件
凉席套件	凉席	套件
减压玩具	减压	玩具
几何部落	几何	部落
凡尔赛玫瑰	凡尔赛	玫瑰
凤凰涅磐	凤凰	涅	磐
凯丽斯汀	凯丽	斯	汀
凯伦赫容	凯	伦	赫	容
凯佳饰品	凯	佳	饰品
凯利丝汀	凯利	丝	汀
凯尼斯柯尔	凯	尼	斯	柯	尔
凯尼斯•柯尔	凯	尼	斯	柯	尔
凯斯贝尔	凯	斯	贝尔
凯特·丝蓓	凯特	丝	蓓
凯特之家	凯特	之家
凯特方迪	凯特	方	迪
凯特莫斯	凯特	莫斯
凯筣丝汀	凯	筣	丝	汀
凯莉丝汀	凯莉	丝	汀
凯莉·米洛	凯莉	米洛
凯·莫可妮	凯	莫可	妮
凯蕾梵思	凯	蕾	梵	思
出行装备	出行	装备
分体泳衣	分体	泳衣
创意减压	创意	减压
创意玩具	创意	玩具
利尻昆布	利	尻	昆布
前田制菓	前	田	制	菓
剧场魔匠	剧场	魔	匠
办公用品	办公用品
功夫熊猫	功夫	熊猫
功能用品	功能	用品
功能箱包	功能	箱包
加伊·马蒂奥洛	加	伊	马	蒂	奥	洛
加州宝宝	加州	宝宝
加州宝贝	加州	宝贝
加菲米奇	加	菲	米奇
动漫玩具	动漫	玩具
励柏艾顿	励	柏	艾	顿
勒芙时尚	勒	芙	时尚
包客先生	包	客	先生
包治百病	包治百病
包/背婴带	包	背	婴	带
化妆惑星	化妆	惑	星
北川本家	北川	本家
北欧西屋	北欧	西	屋
北海大和	北海	大和
北纬30°	北纬	30
北纬60度	北纬	60	度
北美电器	北美	电器
医护美容	医护	美容
医食同源	医	食	同源
十二月坊	十二月	坊
十人十彩	十人	十	彩
十全十美	十全十美
十八淑女坊	十八	淑女	坊
十字孔奶嘴	十字	孔	奶嘴
十月天使	十月	天使
十月妈咪	十月	妈咪
十月结晶	十月	结晶
千姿百袋	千姿	百	袋
千娇百媚	千娇百媚
千艺彩妆	千艺	彩妆
千艺老银匠	千艺	老银匠
千足珍珠	千足	珍珠
千黛名媛	千	黛	名媛
午后暖阳	午后	暖	阳
华伦世家	华	伦	世家
华伦天奴	华	伦	天	奴
华伦慕斯	华	伦	慕斯
华帝卡尼	华帝	卡	尼
华纯伊人	华	纯	伊人
华纳兄弟	华	纳	兄弟
华莱斯顿	华	莱	斯	顿
单人蚊帐	单人	蚊帐
单方精油	单方	精油
南极人童装	南极人	童装
博斯绅威	博	斯	绅	威
博洋家纺	博洋	家纺
博闻天下	博闻	天下
卡卡是公主	卡	卡	是	公主
卡尔卡耐	卡	尔	卡	耐
卡尔·拉格菲尔德	卡	尔	拉	格	菲尔	德
卡尔文·克莱因	卡尔文	克莱	因
卡尔文•克莱恩	卡尔文	克莱恩
卡尔文克雷恩	卡尔文	克	雷	恩
卡布奇诺	卡	布	奇	诺
卡帝乐鳄鱼	卡帝乐	鳄鱼
卡文克莱	卡文	克莱
卡洛哥林多	卡	洛	哥	林	多
卡特伦堡	卡特	伦	堡
卡特彼勒	卡特	彼	勒
卡瓦亲Cover	卡瓦亲	cover
卡罗Kaloo	卡罗	kaloo
卡罗琳娜	卡罗	琳	娜
卡罗琳娜埃莱拉	卡罗	琳	娜	埃	莱	拉
卡羅·彼那德利	卡	羅	彼	那	德	利
卡莫斯Acaci	卡莫斯	acaci
卡诗德丽	卡诗	德	丽
卡通周边	卡通	周边
卡里卡里	卡	里	卡	里
卡顿凡尼	卡顿	凡	尼
卫浴用品	卫浴	用品
卫生用品	卫生用品
印象童年	印象	童年
卸妆啫哩	卸妆	啫	哩
卸妆洁面	卸妆	洁面
原宿娃娃	原宿	娃娃
原山制果	原	山	制	果
厨房剪刀	厨房	剪刀
厨房家电配件	厨房	家电	配件
厨房工具套装	厨房	工具	套装
厨房工具配件	厨房	工具	配件
厨房收纳	厨房	收纳
厨房用刀	厨房	用	刀
厨房电器	厨房电器
去橘皮组织	去橘皮	组织
去黑眼圈	去	黑眼圈
双人蚊帐	双人	蚊帐
双星名人	双星	名人
双溪茗茶	双	溪	茗茶
双眼皮形成液	双眼皮	形成	液
双肩背包	双肩背	包
双胞胎推车	双胞胎	推车
反孔精英	反	孔	精英
发朵Phyto	发朵	phyto
发育助长	发育	助长
发饰/首饰	发饰	首饰
口水巾、罩衣	口水巾	罩衣
口琴、口风琴、竖笛	口琴	口风	琴	竖笛
口腔护理	口腔	护理
口香喷剂	口	香喷	剂
古今男士	古今	男士
古奇天伦	古奇	天伦
古木夕羊	古	木	夕	羊
古老鲨鱼	古老	鲨鱼
古茨伯帝	古	茨	伯	帝
可东爱西	可	东	爱	西
可么多么	可	么	多么
可伶可俐	可	伶	可	俐
可可佳人	可可	佳人
可可贝拉	可可	贝拉
可尔必思	可	尔	必	思
可怡本草	可	怡	本草
可瑞康羊奶	可瑞康	羊奶
可肤冰肌白	可	肤	冰肌	白
可莉蜜儿	可	莉	蜜	儿
台湾啤酒	台湾	啤酒
史蒂夫·马登	史	蒂	夫	马	登
各种乐器配件	各种	乐器	配件
合成宝石	合成	宝石
吉他贝斯	吉他	贝斯
吉尔斯图尔特	吉尔	斯图	尔	特
吉尔·桑德	吉尔	桑	德
吉尔桑达	吉尔	桑	达
吉米娃娃儿	吉	米	娃娃	儿
吉雷·米其卡	吉	雷	米	其	卡
吊带背心	吊带	背心
同一方向	同一	方向
名门闺秀	名门	闺秀
后备箱垫	后备	箱	垫
启蒙认知/卡片	启蒙	认知	卡片
咔哇熊/考拉	咔	哇	熊	考拉
咕噜日记	咕噜	日记
咖啦咖啦	咖	啦	咖	啦
品家家品	品家	家	品
品川尚美	品	川	尚美
品木宣言	品	木	宣言
哆啦A梦	哆啦	a	梦
哆特豪斯	哆	特	豪	斯
哈佛博士	哈佛	博士
哈利波特	哈	利	波特
哈曼卡顿	哈	曼	卡顿
哈根德斯	哈	根	德	斯
哈维王子	哈	维	王子
哈里贝贝	哈	里	贝贝
哥仕丹顿	哥	仕	丹	顿
哥伦比亚	哥伦比亚
唇部去角质	唇部	去角质
唇部护理	唇部	护理
唇部精华	唇部	精华
唐可娜儿	唐	可	娜	儿
唐娜·卡伦	唐	娜	卡	伦
唐纳·卡兰	唐	纳	卡	兰
唐那凯伦	唐	那	凯	伦
唯美嘉露	唯美	嘉	露
商务休闲	商务	休闲
商务公文包	商务	公文包
商务正装	商务	正装
喂养用品	喂养	用品
喜从何来	喜	从何	来
喜从盒来	喜	从	盒	来
喜羊羊与灰太狼	喜	羊	羊	与	灰	太	狼
喜钻珠宝	喜	钻	珠宝
喜马拉雅	喜马拉雅
嘉丝肤缇	嘉	丝	肤	缇
嘉娜宝Kracie	嘉娜宝	kracie
嘉尚珠宝	嘉	尚	珠宝
嘉美艳容露	嘉美	艳	容	露
嘉莉比奥	嘉	莉	比	奥
四季彩吧	四季	彩	吧
四轮推车	四轮	推车
围衣饰家	围	衣饰	家
国家地理	国家地理
国色天香	国色天香
图书音像	图书	音像
圆孔奶嘴	圆	孔	奶嘴
圣地亚哥保罗	圣地亚哥	保罗
圣大保罗	圣	大	保罗
圣大华伦	圣	大	华	伦
圣大高夫	圣	大高	夫
圣露斯PRICKLY_HEAT	圣露斯	prickly	heat
地毯/地垫	地毯	地垫
地球妈妈天使宝宝	地球	妈妈	天使	宝宝
均匀肤色	均匀	肤色
坡跟凉鞋	坡跟	凉鞋
坡跟单鞋	坡跟	单鞋
埃及魔法	埃及	魔法
埃德·哈迪	埃	德	哈	迪
埃斯普利特	埃	斯	普	利	特
埃莉西雅	埃	莉	西	雅
埃菲尔铁塔	埃菲尔	铁塔
城市丽人	城市	丽人
城市疗愈大师	城市	疗	愈大	师
城野医生	城	野	医生
埔里阿嬷	埔	里	阿	嬷
培蒂曼克	培	蒂	曼	克
基本护理	基本	护理
基本生活	基本	生活
基础保健	基础	保健
基础内衣	基础	内衣
基础精油	基础	精油
基茵壹号	基	茵	壹	号
堪比眼霜	堪	比	眼霜
塑身上衣	塑身	上衣
塑身分体套装	塑身	分体	套装
塑身腰封/腰夹	塑身	腰封	腰	夹
塑身连体衣	塑身	连体衣
塔瑞纳·塔伦蒂诺	塔	瑞	纳	塔	伦	蒂	诺
塞莱斯特	塞	莱	斯	特
复方精油	复方	精油
夏依Summer's	夏依	summers
夏娃的诱惑	夏娃	的	诱惑
夏尔.贝洛	夏尔	贝洛
外出用品	外出用	品
外套/夹克	外套	夹克
外带咖啡厅	外带	咖啡厅
外池酒造店	外	池	酒	造	店
外油内干	外	油	内	干
多农园茶	多	农园	茶
多功能包	多功能	包
多功能垫	多功能	垫
多功能蔬菜器	多功能	蔬菜	器
多功能马甲	多功能	马甲
多啦A梦	多	啦	a	梦
多款包装随机发货	多款	包装	随机	发货
多款随机发货	多款	随机	发货
多特美姿	多	特	美姿
大力水手	大力	水手
大卫杜夫	大卫	杜	夫
大卫查尔斯	大卫	查	尔	斯
大卫琼斯	大卫	琼	斯
大卫贝克汉姆	大卫	贝克	汉	姆
大地人帆	大地	人	帆
大家闺秀	大家闺秀
大洋洲袋鼠	大洋洲	袋鼠
大玛士革	大	玛	士	革
大自然的味道	大自然	的	味道
大豆食品	大豆	食品
大达地垫	大达	地垫
大马士革	大马士革
大高酵素	大高	酵素
天下无斑	天下	无	斑
天乃屋制果	天	乃	屋	制	果
天之骄女	天	之	骄	女
天乙银饰	天	乙	银饰
天使之泪	天使	之	泪
天使之韵	天使	之	韵
天参桑黄	天	参	桑	黄
天工木坊	天工	木	坊
天然之扉	天然	之	扉
天然乳胶	天然	乳胶
天然水晶	天然水	晶
天然物语	天然	物语
天绚宝贝TASHOWBABY	天绚	宝贝	tashowbaby
天鹅绒家居服	天鹅绒	家居服
太平公主	太平	公主
太平鸟女装	太平鸟	女装
奇可俏可	奇	可	俏	可
奇安弗兰科·费雷	奇	安	弗	兰	科	费雷
奇智奇思	奇	智	奇思
奕世风尚	奕	世风	尚
套装礼盒	套装	礼盒
奢华宝贝	奢华	宝贝
奥丽哈力逊	奥	丽	哈	力	逊
奥兰斯娇	奥	兰	斯	娇
奥古狮登	奥	古	狮	登
奥尔莱薇	奥	尔	莱	薇
奥斯卡·德拉伦塔	奥斯卡	德	拉	伦	塔
奥朵家饰	奥	朵	家饰
奥林匹亚	奥	林	匹亚
奥林巴斯	奥	林	巴	斯
奥罗玛斯	奥	罗	玛斯
奥莎迪Oshadhi	奥莎迪	oshadhi
奥萨雷斯	奥	萨	雷	斯
奥薇蓝黛	奥	薇	蓝	黛
奥迪双钻	奥迪	双	钻
奥迪双钻5	奥迪	双	钻	5
奥雅诗丽	奥雅	诗	丽
女优Mode	女优	mode
女士内衣	女士内衣
女士内裤	女士	内裤
女士手套	女士	手套
女士湿巾	女士	湿巾
女士钱包	女士	钱包
女士香水	女士香水
女性护理	女性	护理
女性生活用品	女性	生活	用品
女性调养	女性	调养
女打底衫	女打底	衫
女打底裤	女打底	裤
女款运动袜	女款	运动袜
女的欲望	女的	欲望
女神新装	女神	新装
女针织衫	女针织	衫
奶奶的百草堂	奶奶	的	百草堂
奶奶的秘密	奶奶	的	秘密
奶瓶清洁	奶瓶	清洁
好奇跨境	好奇	跨境
好莱坞的秘密	好莱坞	的	秘密
如厕用品	如厕	用品
妆点女人	妆点	女人
妈咪呢喃	妈咪	呢喃
妈咪宝贝	妈咪	宝贝
妈妈专区	妈妈	专区
妈妈奶粉	妈妈	奶粉
妈妈护理	妈妈	护理
妈妈美容	妈妈美	容
妍韵珠宝	妍	韵	珠宝
妍韵首饰	妍	韵	首饰
妖精的口袋	妖精	的	口袋
妙可苏格	妙可	苏	格
妮卡贝尔	妮卡	贝尔
妮塔莉雅	妮	塔	莉	雅
妮妮莫妮卡	妮	妮	莫	妮卡
姗拉娜sunrana	姗拉娜	sunrana
姬丝维尔	姬	丝	维尔
姬仙兰卡	姬	仙	兰	卡
姬尔克曼	姬	尔	克	曼
威丝曼之家	威丝曼	之家
威娜WELLA	威娜	wella
威尔萨斯	威	尔	萨	斯
威登保罗	威登	保罗
娜娜日记	娜	娜	日记
娜帕蒂卡	娜	帕蒂卡
娜芙娜芙	娜芙	娜芙
娟肌物语	娟	肌	物语
婕洛妮丝	婕	洛	妮	丝
婚庆件套	婚庆	件	套
婚纱/礼服	婚纱	礼服
婴儿体温计	婴儿	体温计
婴儿内衣	婴儿	内衣
婴儿外出服套装	婴儿外	出	服	套装
婴儿手摸脚模	婴儿	手	摸	脚模
婴儿推车	婴儿	推车
婴儿本铺	婴儿	本	铺
婴儿理发器	婴儿	理发器
婴儿监视器	婴儿	监视器
婴儿礼盒	婴儿	礼盒
婴儿胎发牙齿收纳盒	婴儿	胎发	牙齿	收纳盒
婴幼儿纺织品	婴幼儿	纺织品
婴幼营养	婴	幼	营养
嫒尚宅品	嫒	尚	宅	品
孕产妇保健	孕产妇	保健
孕妇内衣	孕妇	内衣
孕妇食品	孕妇	食品
孕期营养	孕期	营养
孚日洁玉	孚	日	洁	玉
学步鞋/婴儿鞋	学步鞋	婴儿鞋
宅族部落	宅	族	部落
宇光田朵	宇	光	田	朵
安东尼奥	安	东	尼	奥
安东尼男士	安	东	尼	男士
安丽尼卡	安丽	尼卡
安佳Anchor	安	佳	anchor
安全座椅	安全	座椅
安全自驾	安全	自	驾
安全避孕	安全	避孕
安全防护	安全	防护
安利纽崔莱	安利	纽	崔	莱
安吉丽娜	安	吉	丽	娜
安吉希可儿	安	吉	希	可儿
安吉斯勒塞	安	吉	斯	勒	塞
安塞尔斯	安塞	尔	斯
安妮大道	安妮	大道
安娜亚马逊	安娜	亚马逊
安娜卡卡	安娜	卡	卡
安娜图丽	安娜	图	丽
安娜菲拉	安娜	菲	拉
安娜雅克	安娜	雅	克
安安金纯	安安	金纯
安尼米尔	安	尼	米	尔
安抚奶嘴	安抚	奶嘴
安普里奥阿玛尼	安	普	里	奥	阿玛尼
安杰娜·伯比	安	杰	娜	伯	比
安蒂麦琪	安	蒂	麦琪
安达露丝	安达	露丝
安霓可古特尔	安	霓	可	古	特	尔
完美曲线	完美	曲线
定格印痕	定格	印痕
宛如新生	宛如	新生
宝丽碧艾	宝丽	碧	艾
宝宝护肤	宝宝	护肤
宝宝驱蚊	宝宝	驱蚊
宝岛阿里山够姜	宝岛	阿里山	够	姜
宝得露丝	宝	得	露丝
宝拉珍选	宝	拉	珍	选
宝艺BONANZA	宝艺	bonanza
宝贝优选	宝贝	优选
宝贝可可丽	宝贝	可可	丽
宝贝心语	宝贝	心语
宝贝恩赐	宝贝	恩赐
宝贝第一	宝贝	第一
宠爱之名	宠爱	之名
宠物主粮	宠物	主粮
宠物家居	宠物	家居
宠物服饰	宠物	服饰
宠物洗护消毒	宠物	洗护	消毒
宠物牵引	宠物	牵引
宠物用品	宠物用品
宠物美容器具	宠物	美容器	具
宠物美容用品	宠物	美容	用品
宠物美容电器	宠物	美容	电器
宠物零食	宠物	零食
宠物驱虫	宠物	驱虫
宫田制果	宫	田	制	果
家化献礼大礼包	家化	献礼	大礼包
家家乐购	家家	乐	购
家居护理	家居	护理
家居日用	家居	日用
家居生活用品	家居生活	用品
家居饰品	家居饰品
家居饰品配件	家居饰品	配件
家庭教育	家庭教育
宽口径奶瓶	宽	口径	奶瓶
密丝佛陀	密丝	佛陀
富思伊娃	富思	伊娃
富翔饰品	富	翔	饰品
封面女郎	封面	女郎
小于壹佰	小于	壹	佰
小叶紫檀	小叶	紫檀
小妖精的国度	小妖精	的	国度
小家碧玉	小家碧玉
小小莎啦	小小	莎	啦
小林制药	小林	制药
小猪班纳	小猪	班	纳
小甜甜布兰妮	小甜甜	布兰	妮
小象包袋	小象	包	袋
小韩木人	小	韩	木人
小鸭圣吉奥	小鸭	圣	吉	奥
小龙哈彼	小龙	哈	彼
少女文胸	少女	文胸
尚上美居	尚	上	美	居
尚智色彩	尚	智	色彩
尚都比拉	尚	都比	拉
尚食庄园	尚	食	庄园
尤妮佳CENTER-IN	尤妮佳	center	in
尼克斯登	尼克	斯	登
尼奥·贝奈特	尼	奥	贝	奈特
尿布/尿垫	尿布	尿垫
尿裤湿巾	尿裤	湿巾
居室清洁	居室	清洁
居室香薰	居室	香薰
山本汉方	山	本	汉方
山荣食品	山	荣	食品
岁月如歌	岁月	如歌
川久保玲	川	久	保	玲
川慈酵素	川	慈	酵素
工艺礼品乐器	工艺礼品	乐器
左右缤纷	左右	缤纷
左旋肉碱	左旋	肉	碱
巧迪尚惠	巧	迪	尚	惠
巨型一号	巨型	一号
巴列艾儿	巴	列	艾	儿
巴塔哥尼亚	巴	塔	哥	尼亚
巴巴童鞋	巴巴	童鞋
巴拉巴拉	巴	拉巴	拉
巴斯克林	巴斯克	林
巴斯洛漫	巴	斯	洛	漫
巴斯罗曼	巴	斯	罗曼
巴杰莉米施卡	巴	杰	莉	米	施	卡
巴比乐乐	巴比	乐乐
巴登魔瓶	巴	登	魔	瓶
巴颜喀拉	巴	颜	喀	拉
巴黎世家	巴黎	世家
巴黎恋人	巴黎	恋人
巴黎欧莱雅	巴黎	欧莱雅
巴黎绯黛	巴黎	绯黛
巴黎罗莎	巴黎	罗莎
巴黎蓝色	巴黎	蓝色
布丁派对	布丁	派对
布具依格	布具	依	格
布朗博士	布朗	博士
布来亚克	布	来	亚	克
布瑞克斯Brix	布	瑞	克	斯	brix
布艺软饰	布艺	软	饰
布鲁克斯	布	鲁	克	斯
布鲁斯与凯蒂	布	鲁	斯	与	凯蒂
希尔费格	希	尔	费	格
希拉里·达芙	希	拉	里	达	芙
帕尔玛之水	帕	尔	玛	之水
帝港世家	帝	港	世家
帝皇蜂姿	帝皇蜂	姿
席琳狄翁	席	琳	狄	翁
常盤药品工业	常	盤	药品	工业
干洗喷雾	干洗	喷雾
年轻原理	年轻	原理
幸福妈咪	幸福	妈咪
幻境绮缘	幻境	绮	缘
幻彩流星	幻彩	流星
幻金凝彩	幻金	凝彩
幼教早教	幼教	早教
床品套件	床品	套件
床垫/床褥	床垫	床褥
应急救援	应急	救援
度假小姐	度假	小姐
座垫脚垫	座垫	脚垫
康丝嘉露	康	丝	嘉	露
康宁餐具	康宁	餐具
康恩贝优呵	康恩贝	优	呵
康恩贝君宝康	康恩贝	君宝康
康恩贝萃芙理	康恩贝	萃芙理
康洁司乐	康	洁	司	乐
康熙来了	康熙	来	了
康绮墨丽	康	绮	墨	丽
异域风情	异域	风情
弗拉泰利·罗塞蒂	弗	拉	泰	利	罗	塞	蒂
弗朗西斯丹尼	弗	朗	西	斯	丹	尼
弗莱沃农庄	弗莱	沃	农庄
弗蕾娅.西芙	弗蕾娅	西芙
弗蕾+科里娜	弗	蕾	科	里	娜
弥远之香	弥	远	之	香
强健骨骼	强健	骨骼
当若无其事	当	若无其事
彩妆套装	彩妆套	装
彩妆工具	彩妆	工具
影音电器	影	音	电器
影音电器配件	影	音	电器配件
彼得森农场	彼得	森	农场
彼得罗夫	彼得	罗	夫
彼得罗夫PETER	彼得	罗	夫	peter
彼特的蜜蜂	彼特	的	蜜蜂
御灵珠宝	御	灵	珠宝
微笑工坊	微笑	工	坊
微量元素	微量元素
德丽斯康	德	丽	斯	康
德兰亚历山大	德	兰	亚	历	山	大
德国世家	德国	世家
德国女孩	德国	女孩
德国小甘菊	德国	小甘菊
德国爱他美	德国	爱他	美
德国科隆	德国科隆
德尼露兰博基尼	德	尼	露	兰	博	基	尼
德美乐嘉	德	美乐	嘉
德菲蒂奥	德	菲	蒂	奥
心心相印	心心相印
心有猛虎	心有	猛虎
忆丽贝罗	忆	丽	贝	罗
忆丽贝萝	忆	丽	贝	萝
快乐沐浴天	快乐	沐浴	天
思克丹尼	思	克	丹	尼
思多嘉儿	思	多	嘉	儿
思瑞特居	思	瑞	特	居
怡妍宝贝	怡	妍	宝贝
急救美人	急救	美人
恋尚萝莎	恋	尚	萝	莎
恋爱魔镜	恋爱	魔镜
恋爱魔镜MAJOLICA	恋爱	魔镜	majolica
恒源祥内衣	恒源祥	内衣
恩达家纺	恩	达	家纺
恩达麻艺	恩	达	麻	艺
恩雅努琪	恩	雅	努	琪
恺豪斯雅致风尚男装	恺豪斯	雅致	风尚	男装
悟客良品	悟	客	良品
悠家良品	悠	家	良品
悦丝YESI	悦丝	yesi
悦木之源	悦	木之	源
悦诗风吟	悦	诗风	吟
情侣内裤	情侣	内裤
情侣套装	情侣	套装
情侣手套	情侣	手套
情侣装泳衣	情侣装	泳衣
情景玩具	情景	玩具
情趣性感文胸	情趣	性感	文胸
情趣用品	情趣用品
惟孜酷子	惟	孜	酷	子
愤怒的小鸟	愤怒	的	小鸟
慕尚名媛	慕	尚	名媛
慕驰MUCHI	慕驰	muchi
慢回弹记忆	慢回弹	记忆
戏剧人生	戏剧	人生
戏水玩具	戏水	玩具
成人尿裤	成人	尿裤
成长卫士	成长	卫士
我是大美人	我是	大美人
我的心机	我的	心机
我的美丽日志	我的	美丽	日志
我的美丽日记	我的	美丽	日记
战地吉普	战地	吉普
战狼世家	战	狼	世家
户外仪表	户外	仪表
户外工具	户外	工具
户外拖鞋	户外	拖鞋
户外服装	户外服	装
户外照明	户外	照明
户外玩具	户外	玩具
户外装备	户外装	备
户外配件	户外	配件
手工彩泥	手工	彩泥
手工曲奇饼	手工	曲奇	饼
手机保护套	手机	保护套
手机耳机	手机耳机
手洗洗衣液	手	洗洗	衣	液
手臂浮圈	手臂	浮圈
手足护理	手足	护理
手部护理	手部	护理
扎克·珀森	扎	克	珀	森
打底抹胸	打底	抹胸
托尼魅力	托	尼	魅力
托恩罗尼科博	托	恩	罗	尼	科博
抗氧化除细纹眼部BB霜	抗氧化	除	细纹眼	部	bb	霜
护发精华	护发	精华
护理按摩	护理	按摩
护理用品	护理	用品
护肤套装	护肤	套装
护肤工具	护肤	工具
护肤美毛	护肤	美	毛
披风/抖蓬	披风	抖	蓬
抱枕/腰靠	抱枕	腰靠
拉克优罗	拉	克	优	罗
拉可莉卡	拉	可	莉	卡
拉夫劳伦	拉夫	劳	伦
拉夫·劳伦	拉夫	劳	伦
拉客优罗	拉客	优	罗
拉尔夫劳伦	拉	尔	夫	劳	伦
拉尔夫·劳伦	拉	尔	夫	劳	伦
拉格贝尔	拉	格	贝尔
拉科斯特	拉	科	斯	特
拉马丁纳	拉	马丁	纳
拖把配件	拖把	配件
拖拉玩具	拖拉	玩具
拜亚动力	拜	亚	动力
拨拨小姐	拨拨	小姐
拼插模型	拼	插	模型
拾光日记	拾光	日记
挂件/摆件	挂件	摆件
挂钩/毛巾架	挂钩	毛巾架
挪威小鱼	挪威	小鱼
挪拉马修	挪	拉	马	修
提亮肤色	提亮	肤色
搓泥浴宝	搓	泥	浴宝
摆件挂件	摆件	挂件
摇铃、床铃	摇铃	床铃
摩卡天空	摩卡	天空
摩名帝凡斯	摩	名	帝凡	斯
摩太紫Mathez	摩	太	紫	mathez
摩托罗拉	摩托罗拉
摩洛哥油	摩洛哥	油
撒隆巴斯	撒	隆	巴	斯
撕拉面膜	撕拉	面膜
擦玻璃器	擦	玻璃	器
收敛毛孔	收敛	毛孔
收纳保鲜	收纳	保鲜
收纳用品	收纳	用品
收细毛孔	收	细毛孔
收藏爱好	收藏	爱好
改善肤质	改善	肤质
散粉/蜜粉	散粉	蜜粉
整理收纳	整理	收纳
整理生活	整理	生活
文斯·卡莫图	文	斯	卡	莫	图
斯佳唯婷	斯	佳	唯	婷
斯兰扎克	斯	兰	扎	克
斯图亚特	斯图	亚	特
斯图尔特·韦茨曼	斯图	尔	特	韦	茨	曼
斯波帝卡	斯	波	帝	卡
斯诺笛澳	斯	诺	笛	澳
斯通富莱	斯	通	富	莱
新光饰品	新光	饰品
新百伦领跑	新百伦	领	跑
新谷酵素	新	谷	酵素
新陈代谢	新陈代谢
方向盘套	方向盘	套
施华洛世奇	施华洛	世	奇
施华洛水晶耳钉	施华洛	水晶	耳钉
施瓦皇冠	施	瓦	皇冠
旅游用品	旅游	用品
旅行包套装	旅行包	套装
旅行箱包及配件	旅行箱	包	及	配件
旅行配件	旅行	配件
无中生有	无中生有
无印良品	无印	良品
无心卷纸	无心	卷纸
无懈可击	无懈可击
无钢托运动文胸	无	钢	托运	动	文胸
日东制药	日东	制药
日光倾城	日光	倾城
日夜奇迹	日夜	奇迹
日常休闲	日常	休闲
日常护理	日常	护理
日常用品	日常用品
日月晶采	日月	晶	采
日本万代	日本	万代
日本制粉	日本	制	粉
日本厚木	日本	厚	木
日本年糕	日本	年糕
日本汉方研究所	日本	汉方	研究所
日本金兔子	日本	金兔子
日进制菓	日	进制	菓
早上好坚果	早上	好	坚果
早教启智	早教	启	智
时光巴士	时光	巴士
时光恋人	时光	恋人
时尚休闲	时尚	休闲
时尚单鞋	时尚	单鞋
时尚印记	时尚	印记
时尚风格袋鼠	时尚	风格	袋鼠
时尚饰品	时尚饰品
昂贵公主	昂贵	公主
昆仑雪菊	昆仑	雪	菊
明朗月儿	明朗	月	儿
星座传奇	星座	传奇
星期四农庄	星期四	农庄
星纱颜彩	星纱	颜	彩
星羽小丫	星	羽	小	丫
星辉婴童	星辉	婴	童
星魅晶澄	星	魅	晶	澄
映时珠宝	映	时	珠宝
春天瑞朵	春天	瑞	朵
春寒食品	春寒	食品
春日井製菓	春日	井	製	菓
晒后修护	晒	后	修护
普丽普莱	普	丽	普	莱
普洛利文	普洛	利	文
普洛维淇	普洛	维	淇
普罗旺斯	普罗	旺	斯
普罗米修斯	普罗	米	修	斯
普若诗兰雅	普	若	诗	兰	雅
景天丽雪	景天	丽	雪
晶佑祥福	晶	佑	祥	福
暖奶/消毒	暖	奶	消毒
暖宝宝牌	暖宝宝	牌
暮思小姐	暮	思	小姐
曼妮丝露	曼	妮	丝	露
曼秀雷敦	曼	秀	雷	敦
曼诗贝丹	曼	诗	贝	丹
曼诺比菲	曼	诺	比	菲
曼赫顿邮差包	曼	赫	顿	邮差包
曼黛玛琏	曼黛玛	琏
最佳伴侣	最佳	伴侣
最受欢迎	最受	欢迎
最流行的	最流行	的
有声挂图	有声	挂图
有外盒有塑封	有	外	盒	有塑封
有机厨坊	有机	厨	坊
有机花园	有机	花园
有芯卷纸	有	芯	卷纸
朋克之星	朋克	之	星
服饰配件	服饰配件
朗文斯汀	朗	文	斯	汀
朝日啤酒	朝日	啤酒
木之秘密	木之	秘密
木易服饰	木	易	服饰
木槿小窝	木槿	小窝
木玩世家	木	玩世	家
木马智慧	木马	智慧
本家豆花庵	本家	豆花	庵
本草新妍	本草	新	妍
朱塞佩·萨诺第	朱	塞	佩	萨	诺	第
朵拉朵尚	朵拉	朵	尚
朵拉芭娜	朵拉	芭	娜
朵朵拉DODORA	朵朵拉	dodora
朵朵贝儿	朵朵	贝儿
机器人、电动	机器人	电动
机洗洗衣液	机	洗洗	衣	液
杂物收柜	杂物	收	柜
杉杉FIRS	杉杉	firs
杉杉潘多拉魔盒	杉杉	潘多拉	魔盒
李施德林	李	施	德	林
杜嘉班纳	杜	嘉	班	纳
杜维迪卡	杜	维	迪	卡
杭州网聪	杭州	网	聪
杰克吉尔	杰克	吉尔
杰克琼斯	杰克	琼	斯
杰克菲雷	杰克	菲	雷
杰利凯利	杰	利	凯利
杰士邦橡胶安全套	杰士邦	橡胶	安全套
杰斯蒂娜	杰	斯	蒂	娜
杰森贝克	杰	森	贝克
杰米小熊	杰米	小熊
杰西卡布丁	杰西卡	布丁
杰西卡·马克兰托克	杰西卡	马克	兰	托	克
東豊製菓	東	豊	製	菓
松永製菓	松	永	製	菓
枕头/枕芯	枕头	枕芯
枕套/枕巾	枕套	枕巾
果果贝瑞GOGOBERRY	果	果	贝	瑞	gogoberry
果柔洗颜	果	柔	洗颜
果泥/果汁	果	泥	果汁
果漾美人	果漾	美人
果疏清洁	果	疏	清洁
枫丹白露	枫	丹	白露
柏宝妃丝	柏	宝	妃	丝
柏宝妃丝BABY_FACE	柏	宝	妃	丝	baby	face
查名一猫	查	名	一	猫
柯尼菲尔	柯	尼	菲尔
柯玛妮克	柯	玛	妮	克
柯米贝儿	柯	米	贝儿
柳屋本店	柳屋	本	店
标准径奶瓶	标准	径	奶瓶
树之惠本铺	树	之	惠	本	铺
株式会社	株式会社
格兰宝石	格兰	宝石
格兰玛弗兰	格兰	玛	弗	兰
格拉斯寇巫	格拉斯	寇	巫
格林博士	格林	博士
桃丝熊TOUS	桃丝熊	tous
桌布桌旗	桌布	桌	旗
桐灰化学	桐	灰	化学
桑德拉·罗德斯	桑	德	拉	罗	德	斯
梦中情人	梦中	情人
梦境成真	梦境	成真
梦娜世家	梦娜	世家
梦洁家纺	梦	洁	家纺
梦游仙境	梦游	仙境
梦特娇家居	梦特娇	家居
梦特蓓妮	梦	特	蓓	妮
梦纤名媛	梦	纤	名媛
梵克雅宝	梵	克	雅	宝
梵希陀MAX_MTM	梵希陀	max	mtm
梵熙淳品	梵熙	淳	品
梵莱斯卡	梵	莱	斯	卡
棉花公园	棉花	公园
棉花共和国	棉花	共和国
棉衣棉服	棉衣	棉服
森海塞尔	森	海	塞	尔
森田药妆	森田	药妆
植荟之源	植	荟	之源
模型玩具	模型	玩具
樱桃小丸子	樱桃	小丸	子
樱桃小镇	樱桃	小镇
樱桃爷爷	樱桃	爷爷
樱花物语	樱花	物语
橙色炸弹	橙色	炸弹
欣园阳光谷绿	欣	园	阳光	谷	绿
欣怡幽香	欣	怡	幽香
欣缘木子	欣	缘	木	子
欧亚奥迪氏	欧亚	奥迪	氏
欧·伊洋	欧	伊	洋
欧克兰妮	欧	克	兰	妮
欧利萨斯	欧	利	萨	斯
欧力汉瑞克森	欧	力	汉	瑞	克	森
欧妮莉纱	欧	妮	莉	纱
欧斯威特	欧	斯	威	特
欧柏兰奴	欧	柏	兰	奴
欧榄Olivia	欧榄	olivia
欧榜内衣	欧	榜	内衣
欧氏丝柏	欧	氏	丝	柏
欧玛左旋C	欧	玛	左旋	c
欧罗丝邦	欧	罗	丝	邦
欧莉维亚	欧	莉	维	亚
欧莱雅专业美发	欧莱雅	专业	美发
欧蒂玛魅力唯她	欧蒂玛	魅力	唯她
欧蓝唯芝	欧	蓝	唯	芝
欧诗曼锦	欧诗曼	锦
欧风花都	欧	风	花都
欧魅赛尔	欧	魅	赛	尔
歌丽姬宝	歌	丽	姬	宝
歌丽帝柏	歌	丽	帝	柏
歌剧魅影	歌剧	魅影
歌莉亚温德比	歌	莉	亚	温	德	比
正装长裤	正装	长裤
步克韦斯拓	步	克	韦	斯	拓
步履不停	步履	不停
母婴健康	母婴	健康
每分每秒	每	分	每秒
每日每加	每日	每	加
每时每刻	每时每刻
比尔布拉斯	比尔	布拉	斯
毕伯劳斯	毕	伯劳	斯
毕肯伯格斯	毕	肯	伯格	斯
毛呢外套	毛呢	外套
毛呢大衣	毛呢	大衣
毛巾套装	毛巾	套装
毛巾家纺	毛巾	家纺
毛毯/休闲毯	毛毯	休闲	毯
毛球修剪器	毛球	修剪器
毛绒布艺	毛绒	布艺
毛菇小象	毛	菇	小象
毛衣/针织衫	毛衣	针织衫
毯子、毛巾被	毯子	毛巾被
民族管弦乐器	民族	管弦乐	器
气味图书馆	气味	图书馆
水上音乐	水上	音乐
水之密语	水	之	密语
水具酒具	水具	酒	具
水感透白	水感	透白
水星家纺	水星	家纺
水晶秘密	水晶	秘密
水果之乡	水果	之	乡
水果多尔	水果	多	尔
水果诱惑	水果	诱惑
水桥保寿堂制药	水	桥	保	寿	堂	制药
水洗面膜	水洗	面膜
水箱除味	水箱	除味
水蕴衡润	水	蕴	衡	润
永恒之美	永恒	之美
汉口精武	汉口	精	武
汉米尔顿	汉	米	尔	顿
江南布衣	江南	布衣
江口制果	江口	制	果
池田模范堂	池	田	模范	堂
汤丽柏琦	汤	丽	柏	琦
汤尼俊士	汤	尼	俊士
汤尼保罗	汤	尼	保罗
汤臣倍健	汤	臣	倍	健
汽车用品	汽车用品
汽车美容	汽车	美容
汽车脚垫	汽车	脚垫
沃佳诺娃	沃	佳	诺	娃
沃思莱斯	沃	思	莱	斯
沃美WOME	沃美	wome
沐浴附属用品	沐浴	附属	用品
沐莎妃尔	沐	莎	妃	尔
沙伯迪澳	沙	伯	迪澳
沙织小姐	沙	织	小姐
沙虫童装	沙虫	童装
泉屋制果	泉	屋	制	果
法兰•卡	法兰	卡
法兰琳卡	法兰	琳	卡
法兰诗顿	法兰	诗	顿
法国Elgydium	法国	elgydium
法国大使	法国	大使
法国安宝儿	法国	安	宝儿
法国梵熙尚品	法国	梵熙	尚品
法国笑脸	法国	笑脸
法希芬迪	法	希	芬迪
法康娜布	法	康	娜	布
法雅诗蒂	法	雅诗	蒂
泡沫先生	泡沫	先生
波亚米特	波	亚	米	特
波司登内衣	波司登	内衣
波司登童装内衣	波司登	童装	内衣
波司登羽绒服	波司登	羽绒服
波帝凯诺	波	帝	凯	诺
波斯丹顿	波斯	丹	顿
波斯宝娜	波斯	宝娜
波斯玫瑰	波斯	玫瑰
波斯蒂琪	波斯	蒂	琪
波比布朗	波比	布朗
波波小姐	波波	小姐
波罗尼亚	波	罗	尼亚
波西米亚	波	西米	亚
泰国宝贝	泰国	宝贝
泰成制菓	泰	成	制	菓
泰格豪雅	泰	格	豪	雅
泰迪珍藏家纺	泰迪	珍藏	家纺
洁面啫哩	洁面	啫	哩
洁面摩丝	洁面	摩丝
洗发护发	洗发	护发
洗发沐浴	洗发	沐浴
洗发沐浴二合一	洗发	沐浴	二合一
洗护商品	洗护	商品
洗护用品	洗护	用品
洗浴用品	洗浴	用品
洗衣机槽清洁剂	洗衣机	槽	清洁剂
洗车配件	洗车	配件
洗颜专科	洗颜	专科
洛俪塔Lolita_Lempicka	洛俪塔	lolita	lempicka
洛斯小丁	洛	斯	小	丁
活性炭/椰壳碳	活性炭	椰	壳	碳
派仁小镇	派	仁	小镇
派瑞丝希尔顿	派瑞	丝	希尔顿
流光溢彩	流光	溢	彩
流金丝语	流金	丝	语
浅山之家	浅	山	之家
测试品牌	测试	品牌
浪漫一身	浪漫	一身
浪漫时光	浪漫	时光
浪莎家访	浪莎	家访
浮生若梦	浮生若梦
浴室用品套装	浴室用品	套装
浴室配件	浴室	配件
浴帘/浴杆	浴帘	浴	杆
浴见知己	浴	见	知己
海丝蔓尔	海	丝	蔓	尔
海伦凯勒	海伦	凯	勒
海伦皇后	海伦	皇后
海森梅尔	海	森	梅	尔
海洋之心	海洋	之心
海洋传说	海洋	传说
海洋离子	海洋	离子
海澜之家	海	澜	之家
海绵宝宝	海绵	宝宝
海绵泡泡	海绵	泡泡
海英特妃	海	英特	妃
海蓝之谜	海蓝之	谜
海诗迈德	海	诗	迈	德
海飘海牌	海	飘	海	牌
消除妊娠纹	消除	妊娠纹
润而不腻	润	而	不	腻
淘梦家居	淘	梦	家居
淘韩时尚	淘	韩	时尚
淡化黑色素	淡化	黑色素
清凉凉鞋	清凉	凉鞋
清心雅韵	清心	雅韵
清洁工具	清洁工	具
清洁用品	清洁用品
渋谷油脂	渋	谷	油脂
渔夫堡FISHBURG	渔夫堡	fishburg
渔民部落	渔民	部落
游泳用品	游泳	用品
漂亮制造	漂亮	制造
漂亮百合	漂亮	百合
漆面美容	漆	面	美容
潍坊舒燕	潍坊	舒	燕
潮流街头	潮流	街头
澜花物语	澜	花	物语
澳优海普诺凯	澳优	海	普	诺	凯
澳大利亚	澳大利亚
澳尔特莱	澳	尔	特	莱
澳洲咪咪	澳洲	咪咪
澳洲坚果	澳洲	坚果
澳洲坚果天然美发	澳洲	坚果	天然	美发
澳洲小野人	澳洲	小野	人
澳洲悦仙子	澳洲	悦	仙子
澳洲爱他美	澳洲	爱他	美
澳洲袋鼠	澳洲	袋鼠
炫夜珠宝	炫	夜	珠宝
炫线抚躁	炫	线	抚	躁
炫银部落	炫	银	部落
炭酸革命	炭	酸	革命
点睛之笔	点睛之笔
烧烤用品	烧烤	用品
烹饪勺铲	烹饪	勺	铲
烹饪工具	烹饪	工具
烹饪锅具	烹饪	锅具
焕眼小魔瓶	焕	眼	小	魔	瓶
熊猫panda	熊猫	panda
熊野油脂	熊	野	油脂
燕山甘栗仁	燕山	甘栗仁
爬行垫、毯	爬行垫	毯
爱不释手	爱不释手
爱与被爱	爱与	被爱
爱丽莎酷伊	爱丽	莎	酷	伊
爱伦海诗	爱伦	海	诗
爱伦瑞丝	爱伦	瑞	丝
爱俐思娜	爱	俐	思	娜
爱姬玛琳	爱	姬	玛	琳
爱婴舒坦	爱	婴	舒坦
爱屋格林	爱	屋	格林
爱度珠宝	爱度	珠宝
爱得拉女包	爱得	拉	女包
爱德莲娜	爱	德	莲	娜
爱探险的朵拉	爱	探险	的	朵拉
爱斯卡达	爱	斯	卡	达
爱普爱家	爱	普	爱	家
爱歌宝宝	爱	歌	宝宝
爱润丝婷	爱	润丝	婷
爱的符号	爱的	符号
爱茉莉太平洋	爱茉莉	太平洋
爱诗黛菈	爱	诗	黛	菈
爱这茶语	爱	这	茶语
牙医世家	牙医	世家
牙胶/安抚	牙胶	安抚
牛乳石碱	牛乳	石	碱
牛尔娜露可	牛尔	娜露可
牦牛世家	牦牛	世家
牵挂水晶项链	牵挂	水晶项链
特来思特	特来	思	特
特步户外	特步	户外
特殊配方	特殊	配方
特色市场	特色	市场
犬印本铺	犬印	本	铺
狐狸小姐	狐狸	小姐
狐臭净味水	狐臭	净味水
猛狼乐士	猛	狼	乐士
猫人性感地带	猫人	性感	地带
猫人裤袜	猫人	裤袜
猫和老鼠	猫	和	老鼠
猫&爱莎	猫	爱莎
猫狗厕所	猫	狗	厕所
猫狗妙鲜包	猫	狗	妙	鲜	包
猫狗罐头	猫	狗	罐头
玉兰油沐浴	玉兰油	沐浴
玉米小熊	玉米	小熊
玉鹭家纺	玉	鹭	家纺
王者之风	王者	之	风
王者风范	王者	风范
王薇拉VERA	王薇拉	vera
玛丽亚古琦	玛丽亚	古琦
玛丽·温莎	玛丽	温莎
玛丽黛佳	玛丽	黛	佳
玛亚科布	玛	亚	科	布
玛佳蒂娜	玛	佳	蒂	娜
玛奇亚米	玛	奇	亚	米
玛格丽娜	玛格	丽	娜
玛格丽特	玛格	丽	特
玛格丽特古缇耶	玛格	丽	特	古缇	耶
玛汀薇思	玛	汀	薇	思
玛珂米索	玛	珂	米	索
玛花纤体	玛	花	纤体
玛莉吉亚	玛莉	吉亚
玛莎拉蒂	玛莎	拉	蒂
玛菲玛图	玛	菲	玛	图
玛萨玛索	玛萨	玛	索
玛雷戴提图西卡尼	玛	雷	戴	提	图	西	卡	尼
玛雷戴提.图西卡尼	玛	雷	戴	提	图	西	卡	尼
玩具服饰	玩具	服饰
玫瑰大道	玫瑰	大道
玫瑰柏拉图	玫瑰	柏拉图
玫瑰超水嫩晚安冻膜	玫瑰	超	水嫩	晚安	冻膜
现代医学	现代医学
玺之语珠宝	玺之语	珠宝
玻尔多维纳	玻	尔	多维	纳
玻璃清洁	玻璃	清洁
玻璃美容	玻璃	美容
珂丽柏蒂	珂丽	柏蒂
珂兰钻石	珂兰	钻石
珂珂安薇	珂珂	安	薇
珂芮柏蒂	珂	芮	柏蒂
珍珠生活	珍珠	生活
珍珠皇后	珍珠	皇后
珍视明zhenshiming	珍视明	zhenshiming
珠宝黄金	珠宝	黄金
珠玉传奇	珠玉	传奇
班德拉斯	班	德	拉	斯
琥珀研究所	琥珀	研究所
琪比小美屋	琪	比	小美	屋
琴瑟在御	琴瑟	在	御
琼斯维格	琼	斯	维	格
瑚光珊色控	瑚	光	珊	色	控
瑜伽发带	瑜伽	发带
瑜伽服上衣	瑜伽服	上衣
瑜伽服套装	瑜伽服	套装
瑜伽服装	瑜伽服	装
瑜伽用品	瑜伽	用品
瑜伽眼枕	瑜伽	眼	枕
瑜伽背包	瑜伽	背包
瑜伽胸垫	瑜伽	胸垫
瑜伽铺巾	瑜伽	铺	巾
瑞典北极狐	瑞典	北极狐
瑞士元素	瑞士	元素
瑞士军刀	瑞士军刀
瑞士军刀背包	瑞士军刀	背包
瑞士军表	瑞士	军	表
瑞士力康	瑞士	力	康
瑞士拜戈	瑞士	拜	戈
瑞士汉爱表	瑞士	汉爱	表
瑞士活泉	瑞士	活泉
瑞士纯净	瑞士	纯净
瑞娇Swissweda	瑞娇	swissweda
瑞思皮尔	瑞	思	皮尔
瑞恩钻饰	瑞	恩	钻	饰
瑞格丽特	瑞	格	丽	特
瑞特斯波德	瑞	特	斯	波	德
瑞琪奥兰	瑞	琪	奥	兰
瑞贝卡·明可弗	瑞	贝	卡	明	可	弗
瑷露德玛	瑷	露	德	玛
璐丝百丽	璐	丝	百丽
甘尼克宝贝	甘尼克	宝贝
甜心邦妮	甜心	邦	妮
甜心闺蜜	甜心	闺	蜜
甜杏仁油	甜杏仁	油
甜蜜蜜童装	甜蜜	蜜	童装
生活之木	生活	之	木
生活用品	生活	用品
生活电器	生活	电器
生活良品	生活	良品
生物菲尔门托	生物	菲尔	门	托
田缘舞沙	田	缘	舞	沙
由你由我	由	你	由	我
甲子三组	甲子	三	组
电压力锅	电压	力	锅
电子电器	电子电器
电影周边	电影周	边
电脑护目镜	电脑	护目镜
电脑音乐	电脑	音乐
男休闲裤	男休闲	裤
男休闲鞋	男休闲	鞋
男士香水	男士	香水
男款运动袜	男款	运动袜
男牛仔裤	男牛仔	裤
男羽绒服	男羽绒	服
男饰配件	男	饰	配件
瘦大腿霜	瘦大腿	霜
瘦身医生	瘦身	医生
瘦身教馆	瘦身	教	馆
登山攀岩	登山	攀	岩
白丝娇丽	白	丝	娇	丽
白色恋人	白色	恋人
白里透红	白里透红
百丽多华	百丽	多	华
百分之一	百分之一
百利百惠	百利	百	惠
百合康牌	百合	康	牌
百奥耐尔	百	奥	耐尔
百年丽人	百年	丽人
百年宝诚	百年	宝诚
百年纪念	百年	纪念
百度百丽	百度	百丽
百普拉姿	百	普拉	姿
百草童话	百草	童话
皇室玩具	皇室	玩具
皇家大道	皇家	大道
皇家花蜜	皇家	花蜜
皇族秘奥	皇族	秘	奥
皓顿Hautton	皓顿	hautton
皮具礼盒	皮具	礼盒
皮埃尔巴尔曼	皮	埃	尔	巴	尔	曼
皮尔卡丹	皮尔	卡	丹
皮尔.卡丹	皮尔	卡	丹
皮尔瑜伽	皮尔	瑜伽
皮毛一体	皮毛	一体
皮羽绒服	皮羽绒	服
皮肤专家	皮肤	专家
皮肤风衣	皮肤	风衣
盈卷修润	盈卷	修	润
益智玩具	益智	玩具
盒颜悦色	盒	颜	悦色
盖尔斯GUESS	盖尔斯	guess
盛威保罗	盛	威	保罗
盛惠礼装	盛	惠	礼	装
相宜本草	相宜	本草
相框/相片墙	相框	相片墙
眉飞色舞	眉飞色舞
真情告白	真情	告白
真我永恒	真我	永恒
真皮皮衣	真皮皮	衣
眼唇卸妆	眼唇	卸妆
眼睫毛膏	眼睫毛	膏
眼线膏/胶	眼线膏	胶
眼袋自制	眼袋	自制
眼部护理	眼部	护理
眼部精华	眼部	精华
眼部造型	眼部	造型
睡眠博士	睡眠	博士
睡眠面膜	睡眠	面膜
睡衣上装	睡衣	上装
睡衣套装	睡衣	套装
睫毛增长	睫毛	增长
睫毛护理	睫毛	护理
睿思游戏	睿	思	游戏
睿智美人	睿智	美人
知识花园	知识	花园
短羽绒服	短羽绒	服
短袖连衣裙	短袖	连衣裙
石泽研究所	石	泽	研究所
石玥珠宝	石	玥	珠宝
矿物彩妆科学	矿物	彩妆	科学
硅胶隐形文胸	硅胶	隐形	文胸
硕姿贝贝	硕	姿	贝贝
碧特博格	碧	特	博	格
碧肤蕾诗	碧	肤	蕾	诗
礼品箱包	礼品	箱包
祖海·慕拉	祖	海	慕拉
神秘卡米拉	神秘	卡米拉
神秘卡米拉Gamila	神秘	卡米拉	gamila
神经酰胺	神经	酰胺
福冈医生	福	冈	医生
禾场尚腾	禾场	尚	腾
秀色燎人	秀色	燎	人
秀颈亮背露	秀	颈	亮	背	露
私享玩趣	私	享	玩	趣
私密护理	私密	护理
秋水伊人	秋水伊人
秋衣秋裤	秋衣	秋裤
科拉帝曼	科	拉	帝	曼
科拉思纳	科	拉	思	纳
秘密的花园	秘密	的	花园
秘密符号	秘密	符号
积姬仙奴	积	姬	仙	奴
积木拼插	积木	拼	插
移动电源	移动	电源
稀拉克儿	稀	拉	克	儿
穗迪美之选	穗	迪	美	之	选
空中丽人	空中	丽人
空气净化	空气	净化
空气清新剂	空气	清新	剂
立体拼插	立体	拼	插
章鱼宝宝	章鱼	宝宝
童年时光	童年	时光
童装上装	童装	上装
童装下装	童装	下装
童装套装	童装	套装
童装童鞋	童装	童鞋
童车童床	童车	童床
第6感橡胶安全套	第	6	感	橡胶	安全套
第一乐章	第一	乐章
第一制堂	第一	制	堂
第一教室	第一	教室
第二次方	第二次	方
第五大道	第五	大道
简品100	简品	100
简木男装	简	木	男装
简绵悦纺	简	绵	悦	纺
米亲婴房	米	亲	婴	房
米兰达·可儿	米兰达	可儿
米兰雅曼	米兰	雅	曼
米切尔尼斯	米	切	尔	尼	斯
米奇丁当	米奇	丁当
米斯特因	米	斯	特	因
米琪噜噜	米	琪	噜	噜
米米小熊	米	米	小熊
米粉/菜粉	米粉	菜	粉
米菲儿童	米菲	儿童
米蓝风尚	米	蓝	风尚
类似爱情	类似	爱情
粉红小布娃娃	粉红	小布	娃娃
精品白如雪	精品	白如	雪
糖果马车	糖果	马车
糖衣炮弹	糖衣炮弹
素衣本居	素衣	本	居
索丽迪娅	索	丽	迪	娅
索林美贝	索	林	美	贝
紫光电子	紫光	电子
红糖姜茶	红糖	姜茶
红葡萄酒	红葡萄酒
红豆童装	红豆	童装
纤体/美体	纤体	美体
纤体食品	纤体	食品
约翰·瓦维托斯	约翰	瓦	维	托	斯
纯一良品	纯一	良品
纯净农庄	纯净	农庄
纯品芳典	纯	品	芳	典
纯焕方程式	纯	焕	方程式
纯然Trunature	纯然	trunature
纯芦荟胶	纯芦荟	胶
纳奥米·坎贝尔	纳	奥	米	坎	贝尔
纳特亚姆	纳	特	亚	姆
纳瑞仕Nourish	纳瑞仕	nourish
纳西索·罗德里格斯	纳西	索	罗	德里	格	斯
纸品湿巾	纸	品	湿巾
纸巾盒/架	纸巾盒	架
纽约色彩	纽约	色彩
绅士企鹅	绅士	企鹅
细肤淡印霜	细肤	淡印霜
经典爱心	经典	爱心
绘画工具	绘画	工具
绝世爱美肌	绝世	爱美	肌
绮丝碧珍悦	绮	丝	碧	珍	悦
维亚苏斯	维	亚	苏	斯
维他美仕	维他	美	仕
维多利亚	维多利亚
维多利亚的秘密	维多利亚	的	秘密
维科家纺	维科	家纺
维纳斯蒂尔	维纳斯	蒂	尔
维维安·韦斯特伍德	维维	安	韦	斯	特	伍	德
维美源素	维	美源	素
维肌泉SkinVitals	维肌泉	skinvitals
绿色生活研究所	绿色	生活	研究所
绿野仙踪	绿野	仙踪
缩小毛孔	缩小	毛孔
缪诗 Mmuses	缪诗	mmuses
网游周边	网	游	周边
罗伯特·卡沃利	罗伯特	卡	沃	利
罗兰伊杜	罗兰	伊	杜
罗兰院长	罗兰	院长
罗拉玛斯亚	罗拉	玛斯	亚
罗曼蒂克	罗曼	蒂	克
罗渣格尔	罗	渣	格	尔
美in美	美	in	美
美丽快攻	美丽	快攻
美丽诺言	美丽	诺言
美伊娜多	美	伊	娜	多
美体小铺	美体	小铺
美体工具	美体	工具
美体考究	美体	考究
美发工具	美发	工具
美发造型	美发	造型
美商思科	美商	思	科
美国DUO	美国	duo
美国U牌	美国	u	牌
美国保罗	美国	保罗
美国小蜜蜂	美国	小蜜蜂
美国旭福	美国	旭	福
美国格朗	美国	格	朗
美国永恒	美国	永恒
美国箭牌	美国	箭牌
美国职棒大联盟	美国	职	棒	大联盟
美国迪斯	美国	迪斯
美国队员	美国	队员
美国马球协会	美国	马球	协会
美妍速配	美妍	速	配
美家生活	美家	生活
美容仪器	美容仪	器
美容大王	美容大	王
美容工具	美容	工具
美帜丝巾	美帜	丝巾
美帜真丝家居服	美帜	真丝	家居服
美康粉黛	美康	粉黛
美德威尔	美德	威	尔
美思内衣	美思	内衣
美时美刻	美时	美	刻
美梦成真	美梦	成真
美泰托马斯	美泰	托马斯
美泰芭比	美泰	芭比
美津植秀	美	津	植	秀
美源发彩	美源	发	彩
美甲工具	美甲	工具
美素佳儿	美素	佳	儿
美肌之志	美肌	之志
美肌美人	美肌	美人
美肌.美人	美肌	美人
美腿塑形袜	美腿	塑形袜
美自机源	美	自	机	源
美蓝贝尔	美蓝	贝尔
美质原生	美质	原生
美迪惠尔	美	迪	惠	尔
美阿茉儿	美	阿	茉	儿
美骆世家	美	骆	世家
羚羊早安	羚羊	早安
群兴玩具	群	兴	玩具
羽毛球鞋	羽毛球	鞋
翘睫毛膏	翘睫毛	膏
翠润福缘	翠	润	福	缘
翠玉生生	翠玉	生生
老庙黄金	老	庙	黄金
考拉的口袋	考拉	的	口袋
耐克360	耐克	360
联创电器	联创	电器
联合利华	联合	利	华
聚拢文胸	聚拢	文胸
聚美优品	聚美	优品
肉松/饼干	肉松	饼干
肉毒杆菌	肉毒	杆菌
肉类零食	肉类	零食
肌本清源	肌本	清源
肌肉医师	肌肉	医师
肌肤之钥	肌肤	之	钥
肌肤快线	肌肤	快	线
肌肤食品	肌肤	食品
肠胃调理	肠胃	调理
肤美灵skinice	肤美灵	skinice
肥皂和荣耀	肥皂	和	荣耀
肥皂盒牙刷架	肥皂盒	牙刷架
肯尼思·杰·莱恩	肯	尼	思	杰	莱恩
肯拓普骆驼	肯	拓	普	骆驼
胎压监测/充气泵	胎	压	监测	充气	泵
胡戈波士	胡	戈	波士
胡萝卜素	胡萝卜素
胶原蛋白	胶原	蛋白
胶棉拖把	胶	棉拖	把
脚王潮鞋库	脚王	潮鞋	库
膜法世家	膜法	世家
膜法世家1908	膜法	世家	1908
自主产品	自主	产品
自在云上	自在	云	上
自然之作	自然	之作
自然之宝	自然	之宝
自然之爱	自然	之	爱
自然之解	自然	之	解
自然之路	自然	之路
自然乐园	自然	乐园
自然哲理	自然	哲理
自然奇迹	自然	奇迹
自然晨露	自然	晨露
自由呼吸	自由	呼吸
自由天堂	自由	天堂
自由契约	自由	契约
自驾照明/野营	自	驾照	明	野营
舍予良仓	舍	予	良	仓
舒特家族	舒	特	家族
舒适凉拖	舒适	凉拖
良质工房	良	质	工房
艾丝可思	艾丝	可	思
艾丽碧丝	艾丽	碧丝
艾伦昆娜	艾伦	昆	娜
艾伦艾亚	艾伦	艾	亚
艾伯特尼波	艾	伯	特	尼	波
艾娜骑士	艾	娜	骑士
艾尔若缇	艾尔	若	缇
艾尔诗丹	艾尔	诗	丹
艾思诺娜	艾	思	诺	娜
艾斯卡达	艾斯	卡	达
艾格利克	艾格	利	克
艾格菲斯	艾格	菲斯
艾珮蒂亚	艾	珮	蒂	亚
艾瑞克林	艾	瑞	克林
艾瓦国际	艾	瓦	国际
艾美手表	艾	美手	表
艾芳汀金	艾	芳	汀	金
艾诺丝雅诗	艾	诺	丝	雅诗
艾赛丝戈	艾	赛	丝	戈
艾路丝婷	艾	路	丝	婷
芒果服饰	芒果	服饰
芙丽芳丝	芙	丽	芳	丝
芙吉德姆	芙	吉	德	姆
芙莉美娜	芙	莉	美	娜
芙蓉天使	芙蓉	天使
芙蕾蓉娜	芙	蕾	蓉	娜
芬妮爱玛	芬妮	爱	玛
芬理希梦	芬	理	希	梦
芬迪FENDI	芬迪	fendi
芭兰丝卡	芭	兰	丝	卡
芭比娃娃	芭比	娃娃
芭比布朗	芭比	布朗
芭比波朗	芭比波	朗
芭比菲特	芭比	菲	特
芭特尔芙莱	芭	特	尔	芙	莱
芭黎依橱	芭	黎	依	橱
芯朵嫚薇	芯	朵	嫚	薇
花之使者	花之	使者
花前月下	花前月下
花斯丹宝	花	斯	丹	宝
花花公子	花花公子
花花公子乳胶安全套	花花公子	乳胶	安全套
花花王子	花花	王子
花颜凝时	花颜	凝时
花颜多香	花颜	多	香
芳蕾玫瑰	芳	蕾	玫瑰
芳香假日	芳香	假日
苏克瑞Sucre	苏	克	瑞	sucre
苏盈珈可	苏	盈	珈	可
苏菲SOFY	苏菲	sofy
苏菲长颈鹿	苏菲	长颈鹿
苏醒的乐园	苏醒	的	乐园
苏黎世家	苏黎世	家
苗条少女	苗条	少女
若尾食品	若	尾	食品
苦瓜清脂减肥胶囊	苦瓜	清脂	减肥	胶囊
英国AA网	英国	aa	网
英国Meadows	英国	meadows
英国MJ	英国	mj
英国爱他美	英国	爱他	美
英国牛栏	英国	牛栏
英国香缇	英国	香	缇
英国高源	英国	高	源
英威蒂亚	英	威蒂	亚
英格吉里	英格	吉	里
英格密儿	英格	密	儿
英第爱纳	英	第	爱	纳
范思哲牛仔	范思哲	牛仔
范特华特	范	特	华	特
范琦珠宝	范	琦	珠宝
茜茜公主	茜	茜	公主
茱莉蔻Jurlique	茱莉蔻	jurlique
茵佳兰迪	茵	佳	兰	迪
茵美姬思	茵	美姬	思
茶沁清轩	茶	沁	清轩
草木年华	草木	年华
草木良品	草木	良品
草本之源	草本	之源
草本美学	草本	美学
草舍名院	草	舍	名	院
荷芙妮格	荷	芙	妮	格
荷荷巴油	荷荷巴	油
荷荷芭油	荷	荷	芭	油
荻嘉茂女装	荻嘉茂	女装
荻嘉茂家居服	荻嘉茂	家居服
荻嘉茂家纺	荻嘉茂	家纺
莎丝妮漫	莎	丝	妮	漫
莎丽汉森	莎	丽	汉森
莎娃蒂妮	莎	娃	蒂	妮
莎拉女孩	莎	拉	女孩
莎拉杰茜卡帕克	莎	拉	杰茜	卡帕	克
莎拉莎拉	莎	拉	莎	拉
莎莉汉森	莎莉	汉森
莎莉汉诗	莎莉	汉	诗
莫斯奇诺	莫斯	奇	诺
莫蕾蔻蕾	莫	蕾	蔻	蕾
莱丝威娜EPI	莱丝	威娜	epi
莱之布艺	莱	之	布艺
莱克斯顿	莱克	斯	顿
莱卡金顿	莱卡	金	顿
莱夫勒·兰达尔	莱	夫	勒	兰	达	尔
莱尔斯丹	莱	尔	斯	丹
莱文医生	莱文	医生
莱芙泰柯	莱	芙	泰	柯
莲娜丽姿	莲	娜	丽姿
菊正宗酒造	菊	正宗	酒	造
菲丽姬奥	菲	丽	姬	奥
菲丽菲拉	菲	丽	菲	拉
菲伯丽尔	菲	伯	丽	尔
菲利普B	菲	利	普	b
菲利林31	菲	利	林	31
菲奥娜的秘密	菲奥娜	的	秘密
菲尼克斯	菲尼	克	斯
菲拉格慕	菲拉格	慕
菲斯小铺	菲斯	小铺
菲比寻常	菲比	寻常
菲苏德美	菲	苏	德	美
菲莎妮丝	菲	莎	妮	丝
菲诗小铺	菲诗	小铺
菲都狄都	菲	都	狄	都
萌萌精灵	萌	萌	精灵
营养辅食	营养	辅食
萨兰丹迪	萨	兰	丹	迪
萨莎比亚妮	萨	莎	比	亚	妮
葛伦黛娜	葛	伦	黛	娜
葛兰素史克	葛	兰	素	史	克
蒂亚戈德拉帕玛	蒂亚戈	德	拉	帕	玛
蒂埃里穆勒	蒂	埃	里	穆	勒
蒂尔凯斯	蒂	尔	凯	斯
蒂尔诗莱	蒂	尔	诗	莱
蒂尔贝丽	蒂	尔	贝丽
蒂芬妮亚	蒂芬妮	亚
蒂花之秀	蒂	花之	秀
蒙地纳斯	蒙	地	纳斯
蒙娜丽莎	蒙娜丽莎
蒙拉蒂诺	蒙	拉	蒂	诺
蒲公英粉	蒲公英	粉
蓝天白云	蓝天	白云
蓝色之恋	蓝色	之恋
蓝色和平	蓝色	和平
蓝色多瑙河	蓝色	多瑙河
蓝色天空	蓝色	天空
蓝色妖姬	蓝色	妖	姬
蓝色少女	蓝色	少女
蓝色巴士	蓝色	巴士
蓝色思维	蓝色	思维
蓝色恋人	蓝色	恋人
蓝色朋友们	蓝色	朋友们
薄羽绒服	薄羽绒	服
薇妮蕾缇	薇妮	蕾	缇
薇妮蕾缇WinnieLady	薇妮	蕾	缇	winnielady
薇薇安威斯特伍德	薇薇安	威	斯	特	伍	德
藤原纪香	藤	原	纪	香
藤田商店	藤	田	商店
蚊帐/床幔	蚊帐	床	幔
蚊虫叮咬	蚊虫	叮	咬
蛟蓓饰品	蛟蓓	饰品
蜜丝佛陀	蜜	丝	佛陀
蜜丝菲诗	蜜	丝	菲诗
蜜丽凯莉	蜜	丽	凯莉
蜜帝蜜后	蜜	帝	蜜	后
蜜思坤妮	蜜思	坤	妮
蜜珂思摩	蜜	珂	思	摩
蜡笔小胖	蜡笔	小胖
蝴蝶公主	蝴蝶	公主
蝶忆绽放	蝶	忆	绽放
蝶忆芯语	蝶	忆	芯	语
螃蟹秘密	螃蟹	秘密
行车记录仪	行车	记录	仪
衣博尼尔	衣	博尼	尔
衣品天成	衣品	天	成
衣架/晾衣架	衣架	晾衣架
衣物护理剂	衣物	护理	剂
衣物清洁	衣物	清洁
衣阁里拉	衣	阁	里拉
补气养血	补气	养血
袋鼠仔仔	袋鼠	仔	仔
被子/夏凉被	被子	夏凉被
裤型尿裤	裤	型	尿裤
裴娜芭莉	裴	娜	芭	莉
裴娜.芭莉	裴	娜	芭	莉
西服套装	西服套装
西泽尚品	西	泽	尚品
西洋打击乐器	西洋	打击乐器
西洋管弦乐器	西洋	管弦乐	器
西瑞尚品	西瑞	尚品
西萨尔·卡萨帝	西	萨	尔	卡萨	帝
观雅guanya	观雅	guanya
詹妮弗_洛佩兹	詹妮弗	洛佩兹
让一切消失	让	一切	消失
让·保罗·高提耶	让	保罗	高提耶
训导玩具	训导	玩具
训练紧身衣	训练	紧身衣
训练紧身裤	训练	紧身裤
许愿精灵	许愿	精灵
诗内奥拉	诗	内	奥	拉
诗凡诗青春	诗	凡	诗	青春
诗嘉琪娜	诗	嘉	琪	娜
诗梵妮思	诗	梵	妮	思
诗美诗格	诗	美诗	格
诠渡良品	诠	渡	良品
诺依尔箱包	诺依尔	箱包
诺曼诺兰	诺	曼	诺	兰
诺曼诺兰1	诺	曼	诺	兰	1
诺美丽莎	诺	美丽	莎
调整型文胸	调整型	文胸
调料器皿	调料	器皿
谷玛琼斯	谷	玛	琼	斯
贝克汉姆	贝克	汉	姆
贝尔丝塔漾	贝尔	丝	塔	漾
贝康小蜜蜂	贝康	小蜜蜂
贝拉小蜜蜂	贝拉	小蜜蜂
贝文研究室	贝	文	研究室
贝瑞英格	贝	瑞	英格
贝罗尼诗	贝	罗	尼	诗
贝芳阿葇码	贝	芳	阿	葇	码
贝莉雅黛	贝	莉	雅	黛
贝蒂丹奴	贝蒂	丹	奴
贝谷贝谷	贝	谷	贝	谷
贝贝帕克	贝贝	帕	克
贝贝豆丁	贝贝	豆	丁
费欧蜜娜	费	欧	蜜	娜
资生堂怡丽丝尔	资生堂	怡丽	丝	尔
资生堂泊美	资生堂	泊美
资生堂菲婷	资生堂	菲婷
赛可莱思	赛	可	莱	思
赛文·弗奥曼德	赛	文	弗	奥	曼	德
赫尔曼骑士	赫	尔	曼	骑士
赫特威林顿	赫	特	威	林	顿
赫特威靈頓靴	赫	特	威	靈	頓	靴
赵诚雅VER22	赵	诚	雅	ver22
超人电器	超人	电器
超大容量	超大	容量
超级团购	超级	团购
越淘越开心	越	淘	越	开心
越野跑鞋	越野	跑鞋
足部护理	足部	护理
路易威登	路易	威登
路易·威登	路易	威登
路易斯花娃	路易斯	花	娃
路易维娜	路易	维	娜
路易金樽	路易	金	樽
身体去角质	身体	去角质
身体护理	身体	护理
身体润肤	身体润	肤
身体清洁	身体	清洁
车用炭包	车用	炭包
车用香水	车用	香水
车载冰箱	车载	冰箱
车载净化器	车载	净化器
车载吸尘器	车载	吸尘器
车载生活电器	车载	生活	电器
车载电源	车载	电源
车钥匙包	车钥匙	包
轨道玩具	轨道	玩具
辅助用品	辅助	用品
辅食料理器	辅食	料理	器
辛迪莱曼	辛	迪	莱	曼
达特肯妮	达	特	肯	妮
达肯尼特	达	肯	尼	特
达芬尼斯	达	芬	尼	斯
达贺尊爵	达	贺	尊	爵
迈克科尔斯	迈	克	科	尔	斯
迈克·科尔斯	迈	克	科	尔	斯
迈克菲恩	迈	克	菲	恩
迈克高仕	迈	克	高	仕
运动休闲	运动	休闲
运动卫衣	运动	卫衣
运动卫裤	运动	卫裤
运动器械	运动	器械
运动夹克	运动	夹克
运动户外	运动	户外
运动毛衣	运动	毛衣
运动水壶	运动	水壶
运动沙滩鞋	运动	沙滩鞋
运动用品	运动用品
运动短T恤	运动	短	t	恤
运动背心	运动	背心
运动长T恤	运动	长	t	恤
运动长裤	运动	长裤
运动风衣	运动	风衣
运动马甲	运动	马甲
近江兄弟	近江	兄弟
近江蔓莎	近江	蔓	莎
进口水果	进口	水果
远芳美子	远	芳	美	子
连体泳衣	连体	泳衣
迪亚多纳	迪	亚	多纳
迪哲维尔	迪	哲	维尔
迪士尼 Disney	迪士尼	disney
迪士尼宝宝	迪士尼	宝宝
迪格里美迪欧	迪	格	里美	迪	欧
迪维多摩	迪维	多	摩
迪芬娜girl	迪芬娜	girl
迪赛吉普	迪赛	吉普
迪赛尼斯	迪赛	尼	斯
迷你唐卡	迷你	唐卡
逐梦翎雀	逐	梦	翎	雀
通用手套	通用	手套
通用磨坊General	通用	磨坊	general
速干T恤	速干	t	恤
速干背心	速干	背心
遥控电动	遥控	电动
遥控飞机	遥控	飞机
遮阳挡雪挡	遮阳	挡	雪	挡
邵氏家纺	邵	氏	家纺
郝伯特Herbert	郝	伯	特	herbert
都市丽人	都市	丽人
酒具配件	酒	具	配件
里海之谜	里海	之	谜
野餐炊具	野餐	炊具
金岛国际	金	岛国	际
金巴黎Golden	金巴黎	golden
金炫光灿	金	炫	光	灿
金龟子绿	金龟子	绿
针织背心	针织	背心
铁思东妮	铁	思	东	妮
铁狮东尼	铁	狮	东	尼
铁臂阿童木	铁臂	阿童木
铭媛闺秀	铭	媛	闺秀
银制产品	银制	产品
银座image	银座	image
银座丝蒂芙尼	银座	丝	蒂芙尼
银座鸡蛋家	银座	鸡蛋	家
银泰百货	银	泰	百货
银蝶炫舞	银蝶	炫舞
锅具配件	锅具	配件
镇店之宝	镇	店	之宝
长寿乃里	长寿	乃	里
闪电潮牌	闪电	潮牌
防抓手套	防	抓	手套
防晒乳液	防晒乳	液
防晒喷雾	防晒	喷雾
防晒隔离	防晒	隔离
防溢乳垫	防	溢	乳垫
防辐射服	防辐射服
防静脉曲张	防	静脉曲张
防静脉曲张袜	防	静脉曲张	袜
阳光少女	阳光	少女
阿克力特	阿	克	力	特
阿兰德龙	阿	兰	德龙
阿历克斯多利亚尼	阿	历	克	斯	多	利	亚	尼
阿历珊度	阿	历	珊	度
阿尔兰哆	阿	尔	兰	哆
阿尔卑斯	阿尔卑斯
阿尔皮纳袋鼠	阿	尔	皮	纳	袋鼠
阿尼亚斯贝	阿	尼亚	斯	贝
阿弗之吻	阿	弗	之	吻
阿恩蓝拓	阿	恩	蓝	拓
阿普丽佳	阿	普	丽	佳
阿普拉莫	阿	普拉	莫
阿曼贝丝	阿曼	贝丝
阿李罗火火兔	阿	李	罗	火火兔
阿法海卓	阿	法	海	卓
阿玛尼牛仔	阿玛尼	牛仔
阿维拉姆	阿	维	拉	姆
阿芦润滋	阿	芦	润	滋
阿莱拉特	阿	莱	拉	特
阿蒂仙之香	阿	蒂	仙	之	香
阿贝克隆比	阿	贝克	隆	比
阿迪达斯	阿迪	达	斯
陀翡利迩	陀	翡	利	迩
陈燕萍植丽素	陈	燕	萍	植	丽	素
除味/除甲醛剂	除味	除甲醛	剂
除湿/防蛀	除湿	防	蛀
除疤愈痕针	除	疤	愈	痕	针
随心索衣	随心	索	衣
隐泉之语	隐	泉	之语
隐泉の语	隐	泉	の	语
隠泉の語	隠	泉	の	語
雁皇家纺	雁皇	家纺
雅乐思Arnott's	雅	乐	思	arnotts
雅其尚品	雅	其	尚品
雅奴天使	雅	奴	天使
雅格斯丹	雅格	斯	丹
雅滋美特	雅	滋	美特
雅诗兰蒂	雅诗兰	蒂
雅诗兰黛	雅诗兰	黛
雅顿兰斯	雅顿	兰	斯
雏菊花语	雏菊	花语
雨伞/遮阳伞/沙滩伞	雨伞	遮阳伞	沙滩	伞
雨伞雨具	雨伞	雨具
雨具配件	雨具	配件
雨披/雨衣	雨披	雨衣
雨果博斯	雨果	博	斯
雨果·博斯	雨果	博	斯
雨生红球藻	雨	生	红	球	藻
雨薇晴雨伞	雨	薇	晴雨伞
雪竹生活	雪	竹	生活
雪肌丽，丝维诗兰	雪肌	丽	丝	维	诗	兰
雷帝高高	雷	帝	高高
雷德豪斯	雷	德	豪	斯
雷美诺时	雷	美	诺	时
雷雳凯撒	雷	雳	凯撒
霍比格恩特	霍	比	格	恩	特
霍霍巴油	霍霍巴	油
露丝凯斯	露丝	凯	斯
露兰姬娜	露	兰	姬	娜
霸王洗发水	霸王	洗发水
青木·三色	青	木	三色
青蛙王子	青蛙	王子
静脉曲张	静脉曲张
静脉曲张袜	静脉曲张	袜
非你莫属	非你莫属
非凡农庄	非凡	农庄
非我莫属	非我	莫	属
靠垫抱枕	靠垫	抱枕
面条/粥	面条	粥
面部去角质	面部	去角质
面部护肤	面部	护肤
韦恩泽维尔	韦	恩泽	维尔
韩国777	韩国	777
韩国生活馆	韩国	生活	馆
韩·多喜爱	韩	多	喜爱
韩潮袭人	韩	潮	袭	人
韩粉世家	韩	粉	世家
韩都衣舍	韩都	衣舍
领先润美	领先	润	美
颈枕/头枕	颈枕	头枕
颈部护理	颈部	护理
颜怡汉方	颜怡	汉方
风中花语	风中	花语
飞利浦新安怡	飞利浦	新	安	怡
飞拉丹顿	飞拉	丹	顿
食具水具	食具	水具
食品保健	食品	保健
食物料理工具	食物	料理	工具
餐具套装	餐具	套装
餐具清洁剂	餐具	清洁剂
餐椅摇椅	餐椅	摇椅
饰品珠宝	饰品	珠宝
饰品配饰	饰品	配饰
饼干奶酪	饼干	奶酪
首饰套装	首饰	套装
首饰收纳盒	首饰	收纳盒
香娜露儿	香	娜	露	儿
香格里拉	香格里拉
香榭丽舍	香榭丽	舍
香水套装	香水	套装
香港鳄鱼恤	香港	鳄鱼恤
香草巧克力	香草	巧克力
香蕉宝宝	香蕉	宝宝
香薰一族	香薰	一族
香薰蜡烛	香薰蜡	烛
香衣丽橱	香	衣	丽	橱
馥兰皙儿	馥	兰	皙	儿
馥绿德雅	馥	绿	德	雅
馥馨国际	馥	馨	国际
马仕维德	马	仕	维	德
马克宝迪	马克	宝	迪
马克尚顿	马克	尚顿
马克珍妮	马克	珍妮
马克西姆	马克	西	姆
马克·雅可布	马克	雅可布
马夹/背心	马夹	背心
马来西亚	马来西亚
马汀博士	马	汀	博士
马赛皂之家	马赛皂	之家
马连奴奥兰迪	马连奴	奥兰迪
驱虫用品	驱虫	用品
驱蚊手环	驱蚊	手环
骆驼动感	骆驼	动感
骆驼女装	骆驼	女装
骆驼女鞋	骆驼	女鞋
验孕测孕	验孕	测孕
骨骼补钙	骨骼	补钙
高丽雅娜	高丽	雅	娜
高伦雅芙	高	伦	雅芙
高田贤三	高	田	贤	三
魅丽奇Payeasy	魅丽奇	payeasy
魅力女靴	魅力	女靴
魔力配方	魔力	配方
魔彩精灵	魔	彩	精灵
魔法医生	魔法	医生
魔法城堡	魔法	城堡
魔法森林	魔法	森林
魔盒NextBox	魔盒	nextbox
魔笔小良	魔	笔	小	良
鱼嘴凉鞋	鱼嘴	凉鞋
鱼嘴单鞋	鱼嘴	单鞋
鲜明农水产	鲜明	农	水产
鲜果布衣	鲜果	布衣
鳄鱼宝宝	鳄鱼	宝宝
鸿星尔克	鸿	星	尔	克
鹿与飞鸟	鹿	与	飞鸟
麦克棉花	麦克	棉花
麦拉贝拉	麦	拉	贝拉
麦麦小姐	麦	麦	小姐
黄金密码	黄金	密码
黑桃皇后	黑桃	皇后
黑白能量QiEnergy	黑白	能量	qienergy
黛丽嘉人	黛	丽	嘉人
黛儿可伶	黛	儿	可	伶
黛妍蒂肤	黛	妍	蒂	肤
黛安·冯芙丝汀宝	黛	安	冯	芙	丝	汀	宝
黛米珠宝	黛	米	珠宝
龙狮戴尔	龙	狮	戴尔
龟田制果	龟	田	制	果
